Date,Dernier,Ouv., Plus Haut,Plus Bas,Vol.,Variation %
17-12-21,"164,50","164,50","164,50","164,50","482,21K","10,00%"
20-12-21,"165,50","180,90","180,90","164,50","1,53M","0,61%"
21-12-21,"163,05","164,00","165,00","160,00","312,72K","-1,48%"
22-12-21,"168,05","164,00","171,00","163,20","317,59K","3,07%"
23-12-21,"168,00","166,10","168,00","165,50","75,41K","-0,03%"
24-12-21,"168,00","167,00","169,10","166,55","69,48K","0,00%"
27-12-21,"168,00","166,50","168,00","166,35","54,44K","0,00%"
28-12-21,"168,30","167,20","168,95","167,20","93,27K","0,18%"
29-12-21,"170,10","168,30","171,00","168,30","188,06K","1,07%"
30-12-21,"170,35","170,20","171,00","170,20","80,46K","0,15%"
31-12-21,"170,40","170,10","171,70","170,10","64,97K","0,03%"
03-01-22,"170,10","170,05","170,50","170,05","44,05K","-0,18%"
04-01-22,"170,15","170,05","170,50","170,05","34,32K","0,03%"
05-01-22,"168,50","170,10","170,15","168,00","56,59K","-0,97%"
06-01-22,"168,00","168,20","169,90","168,00","37,75K","-0,30%"
07-01-22,"169,90","167,05","170,10","166,00","125,29K","1,13%"
10-01-22,"171,00","169,00","171,00","168,70","85,98K","0,65%"
12-01-22,"177,00","171,50","177,00","171,25","116,15K","3,51%"
13-01-22,"178,10","176,50","180,75","176,50","119,78K","0,62%"
14-01-22,"180,00","178,10","181,00","178,10","117,60K","1,07%"
17-01-22,"180,20","179,00","180,90","178,50","48,88K","0,11%"
18-01-22,"182,00","180,45","182,95","180,45","96,44K","1,00%"
19-01-22,"187,05","183,00","189,00","183,00","105,42K","2,77%"
20-01-22,"189,00","188,00","191,95","187,50","61,65K","1,04%"
21-01-22,"186,05","188,00","189,00","186,05","26,68K","-1,56%"
24-01-22,"185,00","184,60","186,00","184,50","26,51K","-0,56%"
25-01-22,"179,05","184,65","184,65","178,00","15,42K","-3,22%"
26-01-22,"181,15","179,00","183,90","179,00","6,62K","1,17%"
27-01-22,"183,00","181,50","183,50","181,50","11,68K","1,02%"
28-01-22,"183,00","184,00","184,90","180,75","9,74K","0,00%"
31-01-22,"180,00","183,00","183,00","180,00","5,19K","-1,64%"
01-02-22,"181,10","180,00","181,85","180,00","17,35K","0,61%"
02-02-22,"183,65","180,65","185,50","180,40","63,87K","1,41%"
03-02-22,"185,00","185,90","185,90","180,60","34,41K","0,74%"
04-02-22,"182,70","183,15","185,90","182,70","24,39K","-1,24%"
07-02-22,"190,00","182,70","191,00","181,50","133,24K","4,00%"
08-02-22,"188,50","190,00","190,00","186,05","21,55K","-0,79%"
09-02-22,"188,00","188,50","188,50","186,25","16,21K","-0,27%"
10-02-22,"190,05","188,50","190,90","186,65","59,40K","1,09%"
11-02-22,"189,00","189,10","190,70","188,20","18,67K","-0,55%"
14-02-22,"184,05","187,25","187,90","184,05","26,30K","-2,62%"
15-02-22,"185,50","184,00","185,50","184,00","7,51K","0,79%"
16-02-22,"185,00","185,00","185,60","184,55","8,68K","-0,27%"
17-02-22,"186,05","184,50","187,00","184,50","21,21K","0,57%"
18-02-22,"186,00","185,50","186,05","185,05","28,77K","-0,03%"
21-02-22,"184,00","184,75","185,50","184,00","11,61K","-1,08%"
22-02-22,"179,00","183,85","183,85","178,10","40,13K","-2,72%"
23-02-22,"181,00","178,10","182,00","178,00","5,00K","1,12%"
24-02-22,"170,15","180,00","182,00","170,15","53,80K","-5,99%"
25-02-22,"178,00","170,00","178,95","170,00","37,05K","4,61%"
28-02-22,"175,00","178,50","178,50","175,00","8,52K","-1,69%"
01-03-22,"171,00","173,10","174,90","171,00","22,17K","-2,29%"
02-03-22,"168,00","171,00","172,00","166,85","13,44K","-1,75%"
03-03-22,"165,00","165,00","167,00","160,10","22,39K","-1,79%"
04-03-22,"160,10","161,00","165,00","160,05","48,39K","-2,97%"
07-03-22,"159,00","160,00","160,00","150,50","54,57K","-0,69%"
08-03-22,"168,50","160,00","168,50","160,00","56,76K","5,97%"
09-03-22,"168,50","169,00","174,00","168,50","28,71K","0,00%"
10-03-22,"165,00","169,00","172,00","165,00","13,45K","-2,08%"
11-03-22,"164,50","167,90","168,00","158,00","29,92K","-0,30%"
14-03-22,"162,15","161,00","166,90","161,00","5,98K","-1,43%"
15-03-22,"167,00","162,05","167,90","162,05","5,40K","2,99%"
16-03-22,"167,35","165,00","167,50","165,00","4,16K","0,21%"
17-03-22,"172,00","167,00","172,50","166,00","50,05K","2,78%"
18-03-22,"169,50","168,60","171,90","168,30","28,22K","-1,45%"
21-03-22,"170,80","169,60","171,00","169,00","0,88K","0,77%"
22-03-22,"166,15","169,00","170,00","166,15","14,80K","-2,72%"
23-03-22,"158,90","167,00","167,00","158,90","16,37K","-4,36%"
24-03-22,"157,00","159,00","159,95","157,00","11,09K","-1,20%"
25-03-22,"158,10","155,10","159,90","155,10","33,46K","0,70%"
28-03-22,"161,50","160,00","162,00","158,00","6,03K","2,15%"
29-03-22,"162,00","159,20","162,00","158,30","5,26K","0,31%"
30-03-22,"162,00","162,00","162,00","159,00","10,33K","0,00%"
31-03-22,"159,25","161,90","161,90","158,70","3,91K","-1,70%"
01-04-22,"160,00","159,25","161,00","159,25","5,85K","0,47%"
04-04-22,"158,50","158,15","160,00","158,15","1,41K","-0,94%"
05-04-22,"160,00","158,15","160,00","158,15","1,10K","0,95%"
06-04-22,"162,00","160,00","162,00","158,25","4,01K","1,25%"
07-04-22,"162,00","160,25","162,50","160,25","21,94K","0,00%"
08-04-22,"162,90","162,10","162,90","162,10","1,13K","0,56%"
11-04-22,"163,00","162,55","164,00","162,55","5,62K","0,06%"
12-04-22,"171,95","163,50","172,75","163,50","16,08K","5,49%"
13-04-22,"169,85","171,95","171,95","167,00","3,59K","-1,22%"
14-04-22,"169,95","169,00","170,00","165,20","23,32K","0,06%"
15-04-22,"167,50","167,15","168,30","165,60","4,29K","-1,44%"
18-04-22,"165,00","166,00","170,00","165,00","21,63K","-1,49%"
19-04-22,"165,00","166,00","166,00","165,00","2,40K","0,00%"
20-04-22,"163,95","165,00","165,90","163,95","7,82K","-0,64%"
21-04-22,"163,00","165,00","165,95","163,00","11,54K","-0,58%"
22-04-22,"161,95","162,50","162,50","160,50","10,28K","-0,64%"
25-04-22,"161,95","161,00","161,95","160,00","6,68K","0,00%"
26-04-22,"160,00","161,00","161,80","160,00","5,73K","-1,20%"
27-04-22,"163,00","160,00","163,00","160,00","17,88K","1,88%"
28-04-22,"162,00","162,00","162,95","160,50","7,82K","-0,61%"
29-04-22,"160,00","161,85","162,00","159,25","5,66K","-1,23%"
04-05-22,"160,00","160,00","161,90","159,00","5,46K","0,00%"
05-05-22,"160,00","159,05","161,00","159,00","5,52K","0,00%"
06-05-22,"160,00","159,00","160,00","158,50","2,61K","0,00%"
09-05-22,"161,00","160,00","161,85","158,40","1,76K","0,63%"
10-05-22,"159,90","160,00","160,00","157,00","9,08K","-0,68%"
11-05-22,"158,25","154,50","159,70","154,50","10,85K","-1,03%"
12-05-22,"156,45","158,30","158,50","156,45","5,20K","-1,14%"
13-05-22,"159,65","156,00","159,80","156,00","13,75K","2,05%"
16-05-22,"157,50","155,50","159,00","155,50","2,26K","-1,35%"
17-05-22,"157,00","157,50","158,00","156,00","3,36K","-0,32%"
18-05-22,"156,00","156,10","158,00","156,00","2,40K","-0,64%"
19-05-22,"156,00","156,00","158,95","155,60","25,52K","0,00%"
20-05-22,"155,00","155,20","156,95","155,00","5,53K","-0,64%"
23-05-22,"154,95","155,00","156,40","153,05","2,10K","-0,03%"
24-05-22,"150,00","153,20","154,00","145,70","18,00K","-3,19%"
25-05-22,"149,00","149,00","149,00","146,00","10,15K","-0,67%"
26-05-22,"146,60","146,15","148,95","146,15","10,10K","-1,61%"
27-05-22,"142,10","146,70","147,50","141,50","17,57K","-3,07%"
30-05-22,"143,00","143,00","145,75","141,05","10,50K","0,63%"
31-05-22,"146,00","142,90","151,55","142,00","33,14K","2,10%"
01-06-22,"148,50","145,55","151,85","145,50","5,93K","1,71%"
02-06-22,"145,70","147,00","148,50","145,00","4,40K","-1,89%"
03-06-22,"146,95","147,50","147,50","145,70","9,54K","0,86%"
06-06-22,"148,90","147,00","148,95","146,65","3,41K","1,33%"
07-06-22,"148,00","148,00","150,00","147,00","2,82K","-0,60%"
08-06-22,"147,00","148,00","150,00","147,00","18,01K","-0,68%"
09-06-22,"145,00","147,00","148,95","142,50","108,88K","-1,36%"
10-06-22,"143,05","144,05","144,35","143,05","3,48K","-1,34%"
13-06-22,"143,00","145,00","145,00","142,70","4,51K","-0,03%"
14-06-22,"138,10","143,00","144,95","138,10","13,64K","-3,43%"
15-06-22,"140,00","138,00","142,00","136,10","11,04K","1,38%"
16-06-22,"140,00","138,05","140,00","138,05","1,35K","0,00%"
17-06-22,"138,00","138,05","141,00","138,00","20,21K","-1,43%"
20-06-22,"138,00","137,10","141,75","137,10","4,34K","0,00%"
21-06-22,"140,00","138,50","145,00","137,00","17,09K","1,45%"
22-06-22,"138,00","139,50","140,00","138,00","3,21K","-1,43%"
23-06-22,"137,00","138,00","138,20","137,00","2,49K","-0,72%"
24-06-22,"139,00","136,25","139,00","134,00","13,16K","1,46%"
27-06-22,"133,10","138,00","138,95","131,00","9,01K","-4,24%"
28-06-22,"138,00","133,10","138,00","133,00","2,07K","3,68%"
29-06-22,"136,00","133,10","137,00","133,10","4,39K","-1,45%"
30-06-22,"133,00","136,00","136,00","133,00","4,22K","-2,21%"
01-07-22,"126,20","133,10","133,10","126,20","11,72K","-5,11%"
04-07-22,"124,95","124,05","127,35","122,00","4,30K","-0,99%"
05-07-22,"129,70","124,10","129,95","124,10","3,35K","3,80%"
06-07-22,"128,00","124,00","128,00","124,00","2,86K","-1,31%"
07-07-22,"126,20","124,60","128,00","124,60","9,08K","-1,41%"
08-07-22,"128,00","127,90","128,40","125,05","0,93K","1,43%"
12-07-22,"128,35","128,40","128,40","126,00","0,25K","0,27%"
13-07-22,"129,95","128,35","130,00","127,50","1,11K","1,25%"
14-07-22,"128,00","127,50","130,00","127,50","0,94K","-1,50%"
15-07-22,"129,95","128,00","129,95","127,60","0,27K","1,52%"
18-07-22,"135,00","129,90","135,00","129,90","2,61K","3,89%"
19-07-22,"139,90","132,10","140,00","132,10","8,02K","3,63%"
20-07-22,"138,95","140,00","140,00","137,00","2,87K","-0,68%"
21-07-22,"135,00","135,00","139,00","135,00","1,84K","-2,84%"
22-07-22,"132,00","132,05","137,80","132,00","6,10K","-2,22%"
25-07-22,"135,00","137,50","138,00","133,00","0,84K","2,27%"
26-07-22,"138,70","135,00","138,80","132,15","1,62K","2,74%"
27-07-22,"138,00","138,00","138,00","137,95","0,26K","-0,50%"
28-07-22,"137,90","138,55","138,55","136,00","0,25K","-0,07%"
29-07-22,"136,00","137,95","138,00","136,00","2,66K","-1,38%"
01-08-22,"134,00","137,90","137,90","133,50","2,92K","-1,47%"
02-08-22,"136,90","137,45","137,45","133,00","2,05K","2,16%"
03-08-22,"134,25","137,50","137,50","133,40","3,81K","-1,94%"
04-08-22,"134,85","132,50","135,00","132,50","1,47K","0,45%"
05-08-22,"135,00","133,95","135,00","133,95","0,46K","0,11%"
08-08-22,"135,00","132,80","135,00","132,80","0,21K","0,00%"
09-08-22,"134,80","132,00","134,80","132,00","1,50K","-0,15%"
10-08-22,"133,10","132,65","136,30","132,65","0,34K","-1,26%"
11-08-22,"136,50","134,95","136,50","134,95","1,24K","2,55%"
12-08-22,"135,00","138,00","138,00","135,00","1,07K","-1,10%"
15-08-22,"135,15","137,00","137,00","135,15","0,29K","0,11%"
16-08-22,"135,00","136,00","136,00","135,00","0,71K","-0,11%"
17-08-22,"139,30","136,00","139,30","136,00","10,55K","3,19%"
18-08-22,"139,30","139,50","139,50","137,75","0,66K","0,00%"
19-08-22,"139,70","139,00","139,80","138,00","1,79K","0,29%"
22-08-22,"139,00","139,90","140,00","139,00","2,73K","-0,50%"
23-08-22,"138,90","138,00","138,90","137,00","0,87K","-0,07%"
24-08-22,"137,95","137,20","138,90","135,20","0,58K","-0,68%"
25-08-22,"137,95","138,00","138,00","135,55","0,52K","0,00%"
26-08-22,"137,00","137,85","137,85","135,25","0,26K","-0,69%"
29-08-22,"136,95","135,55","137,00","135,00","1,17K","-0,04%"
30-08-22,"135,50","135,10","136,00","135,10","1,39K","-1,06%"
31-08-22,"135,05","138,00","139,50","135,05","3,23K","-0,33%"
01-09-22,"134,50","134,10","137,90","134,05","1,71K","-0,41%"
02-09-22,"137,00","135,00","138,00","135,00","7,51K","1,86%"
05-09-22,"138,00","135,75","139,40","135,75","2,96K","0,73%"
06-09-22,"136,60","137,05","139,30","136,25","1,50K","-1,01%"
07-09-22,"137,00","138,95","138,95","136,30","1,40K","0,29%"
08-09-22,"137,00","137,10","138,85","136,25","2,33K","0,00%"
09-09-22,"136,50","137,00","137,00","136,25","4,51K","-0,36%"
12-09-22,"136,50","137,00","137,00","136,00","0,24K","0,00%"
13-09-22,"136,00","137,00","137,00","136,00","1,98K","-0,37%"
14-09-22,"136,10","135,60","137,00","135,60","0,17K","0,07%"
15-09-22,"136,10","136,10","136,15","135,45","1,56K","0,00%"
16-09-22,"138,00","136,50","138,00","135,30","6,01K","1,40%"
19-09-22,"136,20","136,00","138,00","136,00","1,84K","-1,30%"
20-09-22,"136,60","136,20","136,60","135,05","3,89K","0,29%"
21-09-22,"136,00","135,20","136,00","134,50","2,19K","-0,44%"
22-09-22,"138,95","136,00","138,95","135,00","13,97K","2,17%"
23-09-22,"136,50","138,95","138,95","136,50","0,40K","-1,76%"
26-09-22,"136,00","136,50","136,50","135,30","30,12K","-0,37%"
27-09-22,"133,00","135,90","135,90","130,00","16,30K","-2,21%"
28-09-22,"130,00","131,00","134,85","128,60","14,66K","-2,26%"
29-09-22,"135,00","137,55","137,75","134,00","42,95K","3,85%"
30-09-22,"135,00","131,00","137,00","131,00","9,13K","0,00%"
03-10-22,"131,20","135,00","135,90","130,50","1,30K","-2,81%"
04-10-22,"136,00","131,10","137,00","131,10","0,59K","3,66%"
05-10-22,"133,00","132,10","135,90","132,10","0,22K","-2,21%"
06-10-22,"132,10","131,15","135,00","131,15","0,68K","-0,68%"
07-10-22,"133,00","132,00","134,00","131,70","1,47K","0,68%"
11-10-22,"133,00","133,00","133,00","131,60","1,13K","0,00%"
12-10-22,"133,80","133,50","134,00","129,00","1,43K","0,60%"
13-10-22,"132,00","130,00","132,00","129,95","0,80K","-1,35%"
14-10-22,"130,00","130,00","131,95","129,80","6,08K","-1,52%"
17-10-22,"128,50","129,30","130,00","128,00","5,84K","-1,15%"
18-10-22,"128,00","128,50","129,00","128,00","1,54K","-0,39%"
19-10-22,"126,00","126,20","128,70","125,10","2,58K","-1,56%"
20-10-22,"122,00","128,00","128,00","122,00","11,58K","-3,17%"
21-10-22,"125,90","120,00","125,90","120,00","10,81K","3,20%"
24-10-22,"124,00","120,20","124,00","120,20","0,74K","-1,51%"
25-10-22,"124,50","124,00","127,70","124,00","0,94K","0,40%"
26-10-22,"124,50","125,00","125,00","122,00","2,01K","0,00%"
27-10-22,"124,30","124,30","124,30","124,30","0,00K","-0,16%"
28-10-22,"127,00","124,30","127,00","121,25","4,04K","2,17%"
31-10-22,"125,00","123,55","126,00","123,50","0,56K","-1,57%"
01-11-22,"123,00","125,00","126,95","122,10","0,26K","-1,60%"
02-11-22,"123,95","122,70","123,95","122,00","0,32K","0,77%"
03-11-22,"127,00","122,15","127,00","122,00","6,89K","2,46%"
04-11-22,"126,95","125,00","126,95","121,50","5,48K","-0,04%"
07-11-22,"123,00","122,30","123,00","122,30","2,12K","-3,11%"
08-11-22,"121,25","122,40","122,40","121,20","1,37K","-1,42%"
09-11-22,"121,95","121,00","121,95","121,00","0,65K","0,58%"
10-11-22,"118,00","120,05","122,00","118,00","15,18K","-3,24%"
11-11-22,"115,00","120,00","120,00","115,00","108,69K","-2,54%"
14-11-22,"115,00","117,00","118,00","112,20","5,96K","0,00%"
15-11-22,"119,00","120,00","120,00","117,35","0,62K","3,48%"
16-11-22,"120,00","116,00","120,00","115,00","3,19K","0,84%"
17-11-22,"119,90","120,00","120,00","118,00","1,11K","-0,08%"
21-11-22,"122,00","118,80","122,00","116,00","5,69K","1,75%"
22-11-22,"120,00","122,00","122,00","120,00","1,56K","-1,64%"
23-11-22,"120,10","124,70","125,00","120,10","0,22K","0,08%"
24-11-22,"124,00","126,85","126,85","120,00","3,79K","3,25%"
25-11-22,"123,85","120,45","124,00","120,00","2,69K","-0,12%"
28-11-22,"123,00","121,00","123,00","121,00","0,01K","-0,69%"
29-11-22,"120,00","123,00","123,00","120,00","1,92K","-2,44%"
30-11-22,"119,00","120,00","120,00","116,10","3,65K","-0,83%"
01-12-22,"119,90","117,50","119,95","117,50","2,04K","0,76%"
02-12-22,"123,00","119,95","123,00","116,50","5,84K","2,59%"
05-12-22,"122,00","118,50","123,95","118,50","0,44K","-0,81%"
06-12-22,"124,45","123,00","125,00","119,00","3,05K","2,01%"
07-12-22,"125,00","124,95","125,95","124,95","0,45K","0,44%"
08-12-22,"127,75","125,00","128,50","125,00","5,59K","2,20%"
09-12-22,"125,00","127,95","127,95","123,00","5,18K","-2,15%"
12-12-22,"126,00","126,00","126,00","126,00","0,00K","0,80%"
13-12-22,"122,00","126,00","126,00","122,00","2,68K","-3,17%"
14-12-22,"124,00","122,05","124,00","122,05","0,08K","1,64%"
15-12-22,"120,00","124,90","124,90","120,00","31,28K","-3,23%"
16-12-22,"120,00","119,40","122,95","119,20","2,73K","0,00%"
19-12-22,"119,05","119,95","120,00","117,50","1,30K","-0,79%"
20-12-22,"120,00","120,00","120,00","119,00","0,19K","0,80%"
21-12-22,"119,90","120,00","120,00","115,45","1,13K","-0,08%"
22-12-22,"119,20","119,00","119,90","116,85","1,19K","-0,58%"
23-12-22,"120,00","119,50","120,00","116,00","5,60K","0,67%"
26-12-22,"121,80","122,85","122,85","120,00","0,03K","1,50%"
27-12-22,"119,50","119,80","119,80","119,00","8,12K","-1,89%"
28-12-22,"125,00","119,50","125,00","117,20","10,30K","4,60%"
29-12-22,"130,00","124,00","130,00","124,00","20,16K","4,00%"
30-12-22,"125,00","124,05","126,95","122,25","46,78K","-3,85%"
02-01-23,"123,95","122,50","123,95","119,10","1,27K","-0,84%"
03-01-23,"121,00","123,00","123,00","117,50","5,74K","-2,38%"
04-01-23,"117,50","118,20","120,60","117,50","3,21K","-2,89%"
05-01-23,"111,00","117,55","120,00","111,00","19,69K","-5,53%"
06-01-23,"110,00","114,90","116,50","110,00","17,93K","-0,90%"
09-01-23,"113,90","114,95","114,95","110,00","0,42K","3,55%"
10-01-23,"120,00","112,00","120,00","110,00","33,17K","5,36%"
12-01-23,"119,80","120,00","120,00","116,45","0,33K","-0,17%"
13-01-23,"119,45","119,45","119,45","114,05","6,05K","-0,29%"
16-01-23,"118,00","120,00","120,00","117,50","0,27K","-1,21%"
17-01-23,"116,55","119,95","119,95","116,50","0,69K","-1,23%"
18-01-23,"118,90","116,55","118,95","114,00","1,82K","2,02%"
19-01-23,"118,90","119,00","119,00","118,90","0,01K","0,00%"
20-01-23,"119,00","119,50","119,50","115,00","6,51K","0,08%"
23-01-23,"118,05","115,10","119,00","115,00","0,38K","-0,80%"
24-01-23,"118,45","115,75","119,00","115,65","0,37K","0,34%"
25-01-23,"118,00","116,00","118,45","116,00","0,48K","-0,38%"
26-01-23,"117,00","116,15","118,00","115,00","0,74K","-0,85%"
27-01-23,"117,80","117,85","117,85","115,10","0,23K","0,68%"
30-01-23,"117,85","117,95","118,00","115,50","1,15K","0,04%"
31-01-23,"113,00","115,00","117,90","111,60","6,25K","-4,12%"
01-02-23,"116,00","116,00","116,00","115,95","0,06K","2,65%"
02-02-23,"116,40","115,00","117,45","115,00","1,63K","0,34%"
03-02-23,"119,95","117,50","119,95","114,00","5,19K","3,05%"
06-02-23,"119,10","120,00","120,00","116,05","1,72K","-0,71%"
07-02-23,"119,75","119,90","119,90","117,25","0,51K","0,55%"
08-02-23,"118,95","117,00","119,80","117,00","1,04K","-0,67%"
09-02-23,"119,85","118,95","119,85","116,05","8,24K","0,76%"
10-02-23,"122,70","118,00","123,00","118,00","8,09K","2,38%"
13-02-23,"122,95","122,70","123,00","120,00","1,04K","0,20%"
14-02-23,"122,00","117,10","122,90","117,10","2,30K","-0,77%"
15-02-23,"121,50","120,00","122,00","118,00","0,27K","-0,41%"
16-02-23,"123,00","121,40","123,00","118,10","2,03K","1,23%"
17-02-23,"127,00","123,00","127,00","123,00","5,79K","3,25%"
20-02-23,"125,30","125,70","129,00","123,35","0,43K","-1,34%"
21-02-23,"124,30","126,90","127,00","123,65","0,21K","-0,80%"
22-02-23,"124,05","124,05","125,90","122,20","0,26K","-0,20%"
23-02-23,"125,40","122,00","125,45","122,00","1,75K","1,09%"
24-02-23,"125,00","122,20","126,50","122,20","3,26K","-0,32%"
27-02-23,"125,90","125,95","125,95","125,90","0,40K","0,72%"
28-02-23,"127,80","124,00","128,50","124,00","9,60K","1,51%"
01-03-23,"127,70","127,00","128,40","125,10","0,82K","-0,08%"
02-03-23,"127,35","127,55","127,55","124,00","0,36K","-0,27%"
03-03-23,"126,95","127,30","127,30","123,00","2,95K","-0,31%"
06-03-23,"126,20","123,55","126,90","122,10","0,67K","-0,59%"
07-03-23,"124,85","125,90","125,90","122,45","0,55K","-1,07%"
08-03-23,"125,75","125,60","125,80","122,00","0,04K","0,72%"
09-03-23,"122,00","121,05","123,50","118,40","1,18K","-2,98%"
10-03-23,"125,00","123,30","125,00","123,00","2,32K","2,46%"
13-03-23,"125,40","125,00","125,95","124,00","0,16K","0,32%"
14-03-23,"124,50","124,00","125,50","122,00","1,49K","-0,72%"
15-03-23,"122,00","125,00","125,50","120,00","7,55K","-2,01%"
16-03-23,"125,20","123,00","125,20","123,00","0,10K","2,62%"
17-03-23,"124,00","124,35","124,45","122,00","4,23K","-0,96%"
20-03-23,"124,35","124,35","124,35","121,00","0,30K","0,28%"
21-03-23,"124,10","122,00","124,10","122,00","1,36K","-0,20%"
22-03-23,"123,90","124,15","124,20","123,90","1,01K","-0,16%"
23-03-23,"121,10","122,00","123,95","121,00","1,29K","-2,26%"
24-03-23,"124,00","123,75","124,00","121,20","1,08K","2,39%"
28-03-23,"122,00","122,00","123,45","120,00","6,11K","-1,61%"
29-03-23,"123,90","124,10","124,80","123,00","20,37K","1,56%"
30-03-23,"123,00","123,00","125,00","121,95","8,31K","-0,73%"
31-03-23,"123,95","124,00","124,00","121,60","6,31K","0,77%"
03-04-23,"122,00","123,00","123,00","122,00","1,90K","-1,57%"
04-04-23,"123,00","123,00","123,00","123,00","0,01K","0,82%"
05-04-23,"123,50","123,45","123,60","123,45","0,03K","0,41%"
06-04-23,"123,00","123,00","123,00","122,50","1,08K","-0,40%"
07-04-23,"124,00","122,00","124,00","122,00","4,82K","0,81%"
10-04-23,"122,00","122,00","123,90","122,00","0,56K","-1,61%"
11-04-23,"122,10","123,00","123,00","122,10","0,14K","0,08%"
12-04-23,"123,00","122,20","123,00","118,75","2,48K","0,74%"
13-04-23,"123,00","122,90","124,00","122,50","0,78K","0,00%"
14-04-23,"125,00","122,00","125,00","122,00","1,42K","1,63%"
17-04-23,"121,30","125,00","125,00","121,30","0,13K","-2,96%"
18-04-23,"121,00","124,45","124,45","121,00","2,00K","-0,25%"
19-04-23,"123,70","121,00","123,85","120,95","24,88K","2,23%"
20-04-23,"124,80","121,50","124,80","121,50","28,39K","0,89%"
21-04-23,"124,80","125,00","125,50","122,00","17,05K","0,00%"
25-04-23,"127,75","127,00","128,00","126,00","3,54K","2,36%"
26-04-23,"126,00","127,60","127,80","126,00","2,38K","-1,37%"
27-04-23,"133,55","127,00","133,55","125,50","10,72K","5,99%"
28-04-23,"137,95","135,50","137,95","132,00","8,36K","3,29%"
02-05-23,"135,00","133,05","137,00","133,05","1,17K","-2,14%"
03-05-23,"134,00","131,30","135,00","131,00","11,84K","-0,74%"
04-05-23,"136,00","130,20","136,00","130,20","6,67K","1,49%"
05-05-23,"136,00","135,90","136,00","133,00","5,68K","0,00%"
08-05-23,"135,90","134,50","136,00","133,35","2,07K","-0,07%"
09-05-23,"135,70","134,50","135,95","133,35","12,48K","-0,15%"
10-05-23,"133,40","133,50","135,45","132,05","10,23K","-1,69%"
11-05-23,"134,80","132,40","135,45","131,15","1,76K","1,05%"
12-05-23,"134,85","133,00","134,85","133,00","1,71K","0,04%"
15-05-23,"135,00","132,10","136,00","132,10","4,55K","0,11%"
16-05-23,"136,05","134,10","136,05","134,00","17,44K","0,78%"
17-05-23,"139,80","137,40","141,00","137,10","26,31K","2,76%"
18-05-23,"137,95","138,00","138,80","137,05","1,59K","-1,32%"
19-05-23,"137,90","137,15","137,90","137,05","3,78K","-0,04%"
22-05-23,"137,20","137,10","138,00","137,10","0,97K","-0,51%"
23-05-23,"137,80","136,50","138,00","136,50","0,14K","0,44%"
24-05-23,"137,95","136,60","137,95","136,60","1,53K","0,11%"
25-05-23,"136,20","136,75","137,80","136,20","1,85K","-1,27%"
26-05-23,"137,60","135,10","138,00","135,00","32,70K","1,03%"
29-05-23,"138,00","138,00","138,00","136,85","0,32K","0,29%"
30-05-23,"140,00","137,55","141,00","137,55","37,10K","1,45%"
31-05-23,"138,00","140,10","140,90","137,40","9,98K","-1,43%"
01-06-23,"138,50","139,00","139,00","135,00","1,90K","0,36%"
02-06-23,"138,95","137,95","138,95","136,20","3,12K","0,32%"
05-06-23,"138,75","136,55","139,00","136,55","16,01K","-0,14%"
06-06-23,"138,00","137,55","138,85","137,50","1,89K","-0,54%"
07-06-23,"138,00","137,20","138,85","137,20","1,33K","0,00%"
08-06-23,"137,95","137,00","138,00","136,70","6,39K","-0,04%"
09-06-23,"138,50","138,50","138,90","137,00","16,74K","0,40%"
12-06-23,"138,50","136,80","138,50","136,05","0,86K","0,00%"
13-06-23,"135,00","136,60","138,50","134,00","9,16K","-2,53%"
14-06-23,"136,95","134,00","136,95","134,00","2,15K","1,44%"
15-06-23,"139,00","134,95","140,00","134,95","11,31K","1,50%"
16-06-23,"147,30","139,95","147,30","139,95","95,98K","5,97%"
19-06-23,"150,80","151,00","152,00","148,00","16,04K","2,38%"
20-06-23,"151,00","150,00","156,00","149,10","37,64K","0,13%"
21-06-23,"150,00","150,00","154,00","149,10","26,02K","-0,66%"
22-06-23,"151,95","152,00","152,90","148,00","15,32K","1,30%"
23-06-23,"148,00","151,95","151,95","148,00","29,55K","-2,60%"
26-06-23,"146,90","147,50","150,00","140,00","751,43K","-0,74%"
27-06-23,"146,90","146,90","148,75","145,00","1,91K","0,00%"
28-06-23,"146,50","146,90","146,90","144,80","3,89K","-0,27%"
03-07-23,"147,95","145,00","148,00","145,00","1,44K","0,99%"
04-07-23,"147,00","148,00","151,00","146,20","11,68K","-0,64%"
05-07-23,"147,80","146,00","149,00","145,00","8,12K","0,54%"
06-07-23,"148,90","146,00","149,00","146,00","1,78K","0,74%"
07-07-23,"149,00","149,00","149,00","148,50","1,11K","0,07%"
10-07-23,"148,95","146,70","149,45","146,70","0,97K","-0,03%"
11-07-23,"148,00","146,50","148,90","146,00","1,58K","-0,64%"
12-07-23,"149,90","146,25","149,90","146,25","4,87K","1,28%"
13-07-23,"151,00","149,70","151,40","147,55","11,75K","0,73%"
14-07-23,"152,00","150,00","152,00","148,10","7,95K","0,66%"
17-07-23,"150,00","150,10","152,20","148,40","4,89K","-1,32%"
18-07-23,"151,60","150,00","151,70","149,00","2,31K","1,07%"
20-07-23,"152,00","150,00","152,00","150,00","3,64K","0,26%"
21-07-23,"152,90","152,20","152,90","151,00","5,10K","0,59%"
24-07-23,"152,10","153,00","153,00","152,00","232,21K","-0,52%"
25-07-23,"148,55","150,00","150,00","146,10","8,72K","-2,33%"
26-07-23,"149,90","150,00","150,00","148,55","2,55K","0,91%"
27-07-23,"151,00","149,90","151,95","149,00","16,60K","0,73%"
28-07-23,"152,00","152,00","152,85","149,10","5,00K","0,66%"
31-07-23,"151,40","152,00","152,00","148,80","0,63K","-0,39%"
01-08-23,"149,05","149,10","151,25","149,00","2,18K","-1,55%"
02-08-23,"150,00","148,20","151,00","148,20","7,79K","0,64%"
03-08-23,"147,30","148,20","149,00","147,05","1,58K","-1,80%"
04-08-23,"146,70","146,60","149,00","146,50","13,90K","-0,41%"
07-08-23,"147,00","146,70","147,00","146,10","1,12K","0,20%"
08-08-23,"148,65","146,50","148,70","146,50","1,83K","1,12%"
09-08-23,"148,45","146,80","149,00","146,00","4,69K","-0,13%"
10-08-23,"148,00","147,00","148,50","146,05","3,54K","-0,30%"
11-08-23,"149,00","146,10","149,00","146,10","6,05K","0,68%"
15-08-23,"147,00","148,00","149,00","147,00","0,55K","-1,34%"
16-08-23,"147,00","148,95","148,95","147,00","0,43K","0,00%"
17-08-23,"147,00","147,00","147,00","146,00","0,73K","0,00%"
18-08-23,"148,50","145,80","148,50","143,10","3,58K","1,02%"
22-08-23,"147,85","147,90","147,90","143,00","0,83K","-0,44%"
23-08-23,"145,10","146,00","146,00","145,10","0,53K","-1,86%"
24-08-23,"145,90","145,10","145,95","142,50","0,93K","0,55%"
25-08-23,"142,00","145,95","145,95","142,00","14,29K","-2,67%"
28-08-23,"141,90","140,70","143,00","140,00","8,36K","-0,07%"
29-08-23,"144,80","139,25","146,00","139,00","10,88K","2,04%"
30-08-23,"146,00","146,90","146,90","144,00","7,33K","0,83%"
31-08-23,"144,50","144,00","145,00","143,70","1,46K","-1,03%"
01-09-23,"142,80","144,00","144,00","140,00","49,77K","-1,18%"
04-09-23,"140,65","141,00","142,80","140,40","5,71K","-1,51%"
05-09-23,"141,50","140,80","142,25","140,00","7,23K","0,60%"
06-09-23,"144,00","140,05","144,00","140,05","3,65K","1,77%"
07-09-23,"145,00","143,90","145,00","140,20","9,69K","0,69%"
08-09-23,"148,00","146,00","148,00","143,00","41,96K","2,07%"
11-09-23,"149,00","144,00","151,90","144,00","39,55K","0,68%"
12-09-23,"149,00","148,00","150,00","147,05","3,10K","0,00%"
13-09-23,"146,00","149,90","149,90","146,00","30,08K","-2,01%"
14-09-23,"146,95","148,00","148,00","143,00","11,14K","0,65%"
15-09-23,"149,00","147,00","149,00","144,00","30,34K","1,40%"
18-09-23,"148,00","145,15","148,35","144,60","2,77K","-0,67%"
19-09-23,"148,00","145,00","148,00","145,00","6,99K","0,00%"
20-09-23,"148,50","148,00","149,30","146,30","17,74K","0,34%"
21-09-23,"149,00","146,05","149,30","145,10","19,05K","0,34%"
22-09-23,"150,00","148,90","150,00","147,00","73,95K","0,67%"
25-09-23,"150,00","150,00","151,50","149,05","22,84K","0,00%"
26-09-23,"150,00","150,00","150,00","148,05","8,69K","0,00%"
27-09-23,"153,00","157,35","157,35","152,60","167,19K","2,00%"
02-10-23,"154,40","153,05","155,00","153,00","7,85K","0,92%"
03-10-23,"150,00","152,90","153,50","150,00","24,00K","-2,85%"
04-10-23,"147,00","148,20","150,00","145,00","4,20K","-2,00%"
05-10-23,"155,80","155,80","155,80","155,80","27,30K","5,99%"
06-10-23,"159,95","164,00","164,00","156,10","256,13K","2,66%"
09-10-23,"160,20","160,00","162,00","159,20","31,51K","0,16%"
10-10-23,"170,15","162,75","172,00","162,55","114,89K","6,21%"
11-10-23,"172,55","171,20","177,00","171,20","100,69K","1,41%"
12-10-23,"172,90","174,95","174,95","172,50","11,63K","0,20%"
13-10-23,"175,25","174,00","177,00","174,00","43,44K","1,36%"
16-10-23,"176,90","176,95","179,00","176,10","31,26K","0,94%"
17-10-23,"170,00","177,00","177,00","170,00","32,48K","-3,90%"
18-10-23,"176,00","174,90","177,00","173,00","29,40K","3,53%"
19-10-23,"175,00","177,00","177,00","173,00","29,25K","-0,57%"
20-10-23,"174,00","175,00","175,00","171,55","15,31K","-0,57%"
23-10-23,"172,00","172,30","174,00","171,05","6,19K","-1,15%"
24-10-23,"171,00","172,00","173,00","170,00","20,92K","-0,58%"
25-10-23,"171,50","170,65","172,50","170,65","6,72K","0,29%"
26-10-23,"170,00","171,00","171,95","168,00","30,82K","-0,87%"
27-10-23,"173,00","168,00","173,00","166,20","15,90K","1,76%"
30-10-23,"171,50","172,00","172,00","170,00","1,50K","-0,87%"
31-10-23,"171,00","171,70","171,70","170,05","1,47K","-0,29%"
01-11-23,"173,00","170,10","173,00","170,10","0,64K","1,17%"
02-11-23,"172,00","170,75","172,80","170,75","7,71K","-0,58%"
03-11-23,"175,00","172,10","175,60","172,00","25,45K","1,74%"
07-11-23,"174,50","175,00","175,00","172,50","1,78K","-0,29%"
08-11-23,"174,80","174,60","174,90","173,00","6,56K","0,17%"
09-11-23,"174,90","173,50","174,90","173,10","2,74K","0,06%"
10-11-23,"175,00","173,50","175,00","173,00","13,22K","0,06%"
13-11-23,"175,00","175,00","175,50","175,00","1,73K","0,00%"
14-11-23,"175,90","173,30","177,00","173,30","21,25K","0,51%"
15-11-23,"175,00","173,70","176,00","173,70","6,70K","-0,51%"
16-11-23,"175,85","174,00","177,00","174,00","3,47K","0,49%"
17-11-23,"177,00","175,50","177,00","174,00","8,78K","0,65%"
20-11-23,"178,90","176,05","178,90","176,05","20,40K","1,07%"
21-11-23,"179,00","177,95","180,00","177,60","28,31K","0,06%"
22-11-23,"177,00","178,50","178,50","175,00","6,60K","-1,12%"
23-11-23,"177,80","177,95","177,95","176,00","5,21K","0,45%"
24-11-23,"175,00","177,90","177,90","175,00","5,98K","-1,57%"
27-11-23,"173,80","177,85","177,85","173,15","3,72K","-0,69%"
28-11-23,"173,00","174,95","175,00","170,10","12,53K","-0,46%"
29-11-23,"172,65","172,00","174,00","172,00","4,38K","-0,20%"
30-11-23,"179,00","176,75","180,70","176,75","282,31K","3,68%"
01-12-23,"177,00","178,00","178,50","176,10","9,05K","-1,12%"
04-12-23,"175,10","173,60","175,90","173,60","2,60K","-1,07%"
05-12-23,"177,80","175,10","179,00","175,10","1,20K","1,54%"
06-12-23,"176,90","176,50","178,00","176,50","2,00K","-0,51%"
07-12-23,"177,00","176,90","179,00","176,90","6,37K","0,06%"
08-12-23,"179,00","175,20","179,00","175,20","5,51K","1,13%"
11-12-23,"176,30","179,00","179,90","176,30","1,00K","-1,51%"
12-12-23,"179,00","177,00","179,00","176,70","5,63K","1,53%"
13-12-23,"183,30","179,00","184,95","179,00","42,28K","2,40%"
14-12-23,"184,10","184,00","184,10","182,20","17,81K","0,44%"
15-12-23,"185,10","184,35","186,95","183,55","11,87K","0,54%"
18-12-23,"185,15","185,50","187,50","185,00","19,56K","0,03%"
19-12-23,"185,00","185,00","185,45","183,05","14,11K","-0,08%"
20-12-23,"186,00","183,60","186,95","183,50","26,17K","0,54%"
21-12-23,"187,00","186,00","188,50","186,00","23,96K","0,54%"
22-12-23,"185,00","186,90","186,90","183,50","7,87K","-1,07%"
25-12-23,"185,10","184,50","185,10","184,35","12,77K","0,05%"
26-12-23,"187,00","185,75","188,00","185,00","114,16K","1,03%"
27-12-23,"186,00","187,00","187,00","186,00","2,88K","-0,53%"
28-12-23,"186,00","185,65","186,00","185,65","14,42K","0,00%"
29-12-23,"186,00","185,95","186,00","185,00","15,43K","0,00%"
02-01-24,"190,00","186,00","192,50","186,00","35,17K","2,15%"
03-01-24,"188,30","190,00","190,00","186,50","21,17K","-0,89%"
04-01-24,"188,00","188,75","189,80","187,05","19,50K","-0,16%"
05-01-24,"191,00","189,90","192,00","188,00","62,26K","1,60%"
08-01-24,"195,05","191,70","195,95","189,80","73,61K","2,12%"
09-01-24,"201,00","197,10","207,00","197,10","151,41K","3,05%"
10-01-24,"204,00","202,50","209,00","202,35","25,10K","1,49%"
12-01-24,"205,70","206,95","207,00","203,50","7,99K","0,83%"
15-01-24,"203,00","205,00","207,00","203,00","20,61K","-1,31%"
16-01-24,"213,15","202,50","215,00","202,50","110,33K","5,00%"
17-01-24,"217,00","218,00","219,90","215,00","55,45K","1,81%"
18-01-24,"219,95","218,95","226,25","216,25","40,92K","1,36%"
19-01-24,"219,00","217,55","222,00","217,55","11,96K","-0,43%"
22-01-24,"218,35","218,50","219,10","217,15","13,79K","-0,30%"
23-01-24,"218,00","218,05","219,90","218,00","36,58K","-0,16%"
24-01-24,"217,80","218,55","219,50","217,00","10,13K","-0,09%"
25-01-24,"217,20","217,80","219,45","217,20","5,52K","-0,28%"
26-01-24,"218,00","218,00","219,00","217,00","10,77K","0,37%"
29-01-24,"216,50","219,90","220,00","215,00","13,20K","-0,69%"
30-01-24,"216,50","215,00","216,50","214,50","18,29K","0,00%"
31-01-24,"218,00","216,60","218,95","216,00","16,01K","0,69%"
01-02-24,"223,50","219,00","224,90","218,60","62,67K","2,52%"
02-02-24,"225,00","223,90","225,00","223,00","32,28K","0,67%"
05-02-24,"226,00","228,90","229,50","225,20","8,53K","0,44%"
06-02-24,"232,50","228,00","233,00","227,95","58,65K","2,88%"
07-02-24,"238,00","233,00","240,00","233,00","27,49K","2,37%"
08-02-24,"234,85","239,00","239,00","234,85","27,09K","-1,32%"
09-02-24,"233,00","233,80","235,00","233,00","22,46K","-0,79%"
12-02-24,"235,00","234,00","237,35","234,00","21,76K","0,86%"
13-02-24,"237,00","237,00","238,00","234,05","26,68K","0,85%"
14-02-24,"235,00","240,00","244,10","235,00","41,99K","-0,84%"
15-02-24,"234,95","239,85","239,95","234,95","25,06K","-0,02%"
16-02-24,"229,90","237,90","237,90","224,00","30,08K","-2,15%"
19-02-24,"232,00","233,00","233,00","230,35","42,52K","0,91%"
20-02-24,"233,50","233,50","234,90","231,00","3,42K","0,65%"
21-02-24,"235,10","234,00","239,30","234,00","56,00K","0,69%"
22-02-24,"236,50","236,15","237,00","234,00","28,48K","0,60%"
23-02-24,"235,00","237,90","237,90","235,00","11,82K","-0,63%"
26-02-24,"236,00","236,00","237,50","235,00","4,22K","0,43%"
27-02-24,"236,00","236,40","237,00","235,60","66,08K","0,00%"
28-02-24,"240,00","236,00","240,00","235,40","30,51K","1,69%"
29-02-24,"235,00","242,95","249,00","235,00","60,52K","-2,08%"
01-03-24,"234,00","239,85","239,85","231,00","16,85K","-0,43%"
04-03-24,"234,00","235,00","237,50","234,00","13,79K","0,00%"
05-03-24,"234,20","235,65","238,00","233,20","17,86K","0,09%"
06-03-24,"234,50","235,80","235,80","233,00","15,53K","0,13%"
07-03-24,"234,00","235,00","235,00","233,50","1,47K","-0,21%"
08-03-24,"233,00","235,00","235,00","230,00","16,28K","-0,43%"
11-03-24,"230,10","234,00","234,00","230,00","20,00K","-1,24%"
12-03-24,"230,50","233,00","233,00","228,00","9,36K","0,17%"
13-03-24,"231,90","230,50","231,90","230,00","6,44K","0,61%"
14-03-24,"233,00","231,00","233,00","225,00","6,84K","0,47%"
15-03-24,"235,00","235,00","235,00","233,05","10,86K","0,86%"
18-03-24,"236,00","233,00","236,00","233,00","10,88K","0,43%"
19-03-24,"235,05","235,00","236,00","233,40","5,44K","-0,40%"
20-03-24,"236,00","235,00","237,00","233,50","16,28K","0,40%"
21-03-24,"235,90","236,10","236,10","234,10","0,89K","-0,04%"
22-03-24,"236,00","236,00","236,50","235,00","11,75K","0,04%"
25-03-24,"236,00","236,90","236,90","235,00","7,12K","0,00%"
26-03-24,"236,00","236,00","236,00","235,00","5,18K","0,00%"
27-03-24,"243,00","239,00","243,00","236,00","42,15K","2,97%"
28-03-24,"250,00","245,00","253,00","243,00","92,57K","2,88%"
29-03-24,"255,00","255,00","260,00","251,00","112,86K","2,00%"
01-04-24,"263,10","255,00","267,00","255,00","517,27K","3,18%"
02-04-24,"264,00","263,00","267,00","260,00","211,76K","0,34%"
03-04-24,"269,95","267,00","274,90","263,00","107,66K","2,25%"
04-04-24,"267,60","271,50","271,50","262,50","27,52K","-0,87%"
05-04-24,"265,00","267,60","267,60","262,00","18,58K","-0,97%"
08-04-24,"280,00","266,85","280,00","265,00","41,43K","5,66%"
09-04-24,"287,00","285,15","290,00","281,50","57,38K","2,50%"
15-04-24,"283,50","287,00","287,00","277,50","74,85K","-1,22%"
16-04-24,"293,00","285,10","293,85","285,10","184,03K","3,35%"
17-04-24,"290,00","294,00","295,90","280,00","157,58K","-1,02%"
18-04-24,"305,95","290,00","307,00","290,00","1,72M","5,50%"
19-04-24,"318,00","311,00","330,00","311,00","170,42K","3,94%"
22-04-24,"300,00","320,00","324,80","296,95","85,54K","-5,66%"
23-04-24,"299,95","295,30","299,95","285,00","257,36K","-0,02%"
24-04-24,"300,30","305,00","309,90","300,00","38,40K","0,12%"
25-04-24,"305,95","301,00","308,00","298,70","82,45K","1,88%"
26-04-24,"305,00","308,00","308,00","300,00","32,26K","-0,31%"
29-04-24,"305,00","303,00","308,50","303,00","15,45K","0,00%"
30-04-24,"310,70","307,70","311,90","303,00","75,99K","1,87%"
02-05-24,"310,00","311,35","323,00","308,50","34,09K","-0,23%"
03-05-24,"313,00","312,20","315,00","310,30","17,10K","0,97%"
06-05-24,"309,00","313,00","313,00","306,20","46,64K","-1,28%"
07-05-24,"309,75","307,20","312,00","307,20","9,96K","0,24%"
08-05-24,"309,00","309,65","309,65","307,70","7,59K","-0,24%"
09-05-24,"311,80","308,15","312,00","306,80","59,62K","0,91%"
10-05-24,"317,90","310,40","317,90","310,40","30,12K","1,96%"
13-05-24,"324,50","319,65","324,50","317,05","33,68K","2,08%"
14-05-24,"334,00","332,00","334,00","329,00","26,44K","2,93%"
15-05-24,"330,60","334,00","339,00","330,60","10,65K","-1,02%"
16-05-24,"327,00","330,00","330,00","325,40","8,76K","-1,09%"
17-05-24,"322,60","325,90","328,50","320,00","7,78K","-1,35%"
20-05-24,"322,50","322,00","322,50","319,00","27,70K","-0,03%"
21-05-24,"319,00","325,50","325,50","313,00","12,12K","-1,09%"
22-05-24,"315,00","316,05","319,00","313,00","23,23K","-1,25%"
23-05-24,"313,00","312,15","318,00","312,15","19,35K","-0,63%"
24-05-24,"311,70","317,00","318,00","310,50","11,53K","-0,42%"
27-05-24,"313,00","312,30","314,00","310,60","1,59K","0,42%"
28-05-24,"315,00","314,00","321,90","312,50","24,05K","0,64%"
29-05-24,"315,00","319,75","319,75","313,55","38,44K","0,00%"
30-05-24,"312,60","315,00","317,00","312,00","22,24K","-0,76%"
31-05-24,"316,00","316,90","328,00","312,05","41,67K","1,09%"
03-06-24,"313,50","316,00","317,00","312,15","6,90K","-0,79%"
04-06-24,"314,00","312,60","314,00","311,50","10,35K","0,16%"
05-06-24,"303,10","312,05","312,50","292,00","20,28K","-3,47%"
06-06-24,"309,00","301,00","309,00","301,00","4,61K","1,95%"
07-06-24,"312,00","305,00","312,00","305,00","9,57K","0,97%"
10-06-24,"305,00","310,00","314,00","305,00","20,63K","-2,24%"
11-06-24,"307,00","307,00","312,70","306,00","21,50K","0,66%"
12-06-24,"308,00","308,00","308,00","307,00","2,28K","0,33%"
13-06-24,"310,30","307,30","311,00","307,15","12,30K","0,75%"
14-06-24,"311,00","310,00","313,90","308,10","2,54K","0,23%"
19-06-24,"314,00","310,15","314,95","309,00","0,84K","0,96%"
20-06-24,"310,00","314,90","314,90","310,00","0,64K","-1,27%"
21-06-24,"310,00","311,00","313,90","310,00","3,21K","0,00%"
24-06-24,"308,00","308,30","310,00","308,00","0,82K","-0,65%"
25-06-24,"313,30","309,45","315,00","307,00","27,86K","1,72%"
26-06-24,"315,00","314,00","315,00","310,00","1,09K","0,54%"
27-06-24,"310,20","315,00","315,00","310,00","7,67K","-1,52%"
28-06-24,"310,00","312,00","313,00","310,00","16,27K","-0,06%"
01-07-24,"308,50","310,00","311,00","308,50","1,34K","-0,48%"
02-07-24,"301,10","305,20","306,00","294,00","12,04K","-2,40%"
03-07-24,"303,80","301,10","303,80","298,00","28,03K","0,90%"
04-07-24,"310,00","305,00","310,00","301,00","7,78K","2,04%"
05-07-24,"313,00","312,00","313,00","304,00","75,72K","0,97%"
08-07-24,"313,00","313,00","313,00","308,05","2,37K","0,00%"
09-07-24,"310,00","306,05","312,80","306,05","2,62K","-0,96%"
10-07-24,"313,00","310,00","313,50","310,00","1,44K","0,97%"
11-07-24,"316,00","313,90","316,00","308,05","7,41K","0,96%"
12-07-24,"313,00","311,90","313,00","307,10","10,11K","-0,95%"
15-07-24,"313,00","310,00","316,00","310,00","2,36K","0,00%"
16-07-24,"315,00","313,10","315,00","313,00","1,56K","0,64%"
17-07-24,"321,50","316,40","321,50","313,40","19,05K","2,06%"
18-07-24,"328,80","320,50","331,00","320,00","27,99K","2,27%"
19-07-24,"329,00","330,00","330,00","326,00","15,73K","0,06%"
22-07-24,"334,95","329,90","334,95","327,00","25,11K","1,81%"
23-07-24,"333,00","336,00","338,00","320,00","17,72K","-0,58%"
24-07-24,"329,00","330,40","330,40","327,00","4,50K","-1,20%"
25-07-24,"326,00","330,00","330,00","322,00","20,54K","-0,91%"
26-07-24,"330,05","328,90","332,00","326,00","24,36K","1,24%"
29-07-24,"337,00","331,15","343,80","331,15","14,14K","2,11%"
31-07-24,"341,00","345,00","349,00","340,00","41,64K","1,19%"
01-08-24,"343,00","343,00","343,50","339,00","14,75K","0,59%"
02-08-24,"355,00","343,00","355,00","338,10","20,76K","3,50%"
05-08-24,"335,00","351,50","351,50","335,00","92,59K","-5,63%"
06-08-24,"344,00","335,10","346,00","335,10","11,72K","2,69%"
07-08-24,"344,00","345,00","348,00","342,00","10,07K","0,00%"
08-08-24,"344,00","345,00","345,00","340,00","8,32K","0,00%"
09-08-24,"340,00","344,00","347,80","340,00","24,23K","-1,16%"
12-08-24,"342,00","340,00","345,00","338,55","11,18K","0,59%"
13-08-24,"342,00","342,00","343,50","342,00","4,80K","0,00%"
15-08-24,"344,00","344,95","344,95","341,00","2,93K","0,58%"
16-08-24,"348,95","344,95","348,95","342,10","11,58K","1,44%"
19-08-24,"350,00","348,95","350,00","346,25","2,04K","0,30%"
22-08-24,"348,70","348,20","350,00","348,10","9,81K","-0,37%"
23-08-24,"344,90","348,00","350,00","344,90","18,45K","-1,09%"
26-08-24,"346,70","345,90","349,90","345,00","0,45K","0,52%"
27-08-24,"344,25","349,85","349,85","343,00","5,51K","-0,71%"
28-08-24,"352,15","344,00","360,00","344,00","32,62K","2,29%"
29-08-24,"379,80","355,00","379,80","353,10","46,32K","7,85%"
30-08-24,"374,90","382,00","390,00","370,00","53,48K","-1,29%"
02-09-24,"375,00","375,55","383,20","373,00","9,41K","0,03%"
03-09-24,"373,60","375,10","377,00","373,00","5,31K","-0,37%"
04-09-24,"369,00","374,95","374,95","365,00","5,98K","-1,23%"
05-09-24,"367,85","369,00","371,00","367,00","45,61K","-0,31%"
06-09-24,"367,85","373,50","373,50","367,85","27,80K","0,00%"
09-09-24,"373,70","370,00","375,00","368,00","50,00K","1,59%"
10-09-24,"365,00","375,30","379,30","365,00","21,73K","-2,33%"
11-09-24,"369,85","367,00","371,50","365,00","10,19K","1,33%"
12-09-24,"371,60","369,50","379,00","369,50","9,59K","0,47%"
13-09-24,"374,90","375,95","377,40","371,00","14,34K","0,89%"
18-09-24,"384,85","374,95","389,00","374,85","13,25K","2,65%"
19-09-24,"390,00","390,00","395,00","389,00","30,39K","1,34%"
20-09-24,"390,00","392,00","394,95","389,00","29,86K","0,00%"
23-09-24,"392,00","394,90","394,95","392,00","4,12K","0,51%"
24-09-24,"385,00","394,40","394,40","384,50","19,24K","-1,79%"
25-09-24,"388,00","389,00","392,00","388,00","9,47K","0,78%"
26-09-24,"399,90","394,40","404,00","394,40","60,00K","3,07%"
27-09-24,"405,00","399,90","410,00","399,00","135,80K","1,28%"
30-09-24,"424,00","421,00","435,00","418,00","88,85K","4,69%"
01-10-24,"416,20","430,00","430,00","415,10","62,60K","-1,84%"
02-10-24,"400,50","407,50","410,00","396,00","77,46K","-3,77%"
03-10-24,"407,00","409,80","413,00","402,00","12,80K","1,62%"
04-10-24,"403,00","409,80","430,00","403,00","51,60K","-0,98%"
07-10-24,"403,00","414,00","418,00","403,00","52,26K","0,00%"
08-10-24,"400,00","403,05","408,00","395,10","64,67K","-0,74%"
09-10-24,"402,85","400,00","406,50","400,00","67,16K","0,71%"
10-10-24,"401,00","408,00","408,00","401,00","31,27K","-0,46%"
11-10-24,"400,00","405,00","405,00","400,00","46,41K","-0,25%"
14-10-24,"399,90","403,95","407,00","399,00","8,20K","-0,03%"
15-10-24,"388,20","400,00","402,95","388,05","10,48K","-2,93%"
16-10-24,"381,00","389,95","389,95","375,00","80,54K","-1,85%"
17-10-24,"401,00","386,00","407,85","386,00","62,96K","5,25%"
18-10-24,"399,00","410,00","410,00","399,00","56,02K","-0,50%"
21-10-24,"401,00","400,10","408,00","400,10","10,12K","0,50%"
22-10-24,"399,00","402,80","402,80","398,00","18,76K","-0,50%"
23-10-24,"401,95","400,00","401,95","395,00","34,51K","0,74%"
24-10-24,"402,50","402,00","408,00","402,00","10,73K","0,14%"
25-10-24,"413,00","405,00","413,00","404,00","65,63K","2,61%"
28-10-24,"429,95","420,00","430,00","420,00","44,94K","4,10%"
29-10-24,"428,00","435,00","439,00","426,50","17,55K","-0,45%"
30-10-24,"422,30","428,00","428,00","421,75","7,22K","-1,33%"
31-10-24,"433,00","430,00","435,00","424,60","210,46K","2,53%"
01-11-24,"439,95","435,00","439,95","435,00","120,62K","1,61%"
04-11-24,"446,00","440,00","449,80","440,00","57,00K","1,38%"
05-11-24,"444,00","449,80","449,80","440,00","26,32K","-0,45%"
07-11-24,"447,90","450,00","450,00","444,50","31,22K","0,88%"
08-11-24,"454,90","449,90","467,90","445,00","84,73K","1,56%"
11-11-24,"455,20","459,00","463,00","454,00","30,91K","0,07%"
12-11-24,"458,00","465,00","466,90","457,00","82,67K","0,62%"
13-11-24,"465,20","466,35","469,80","464,80","61,33K","1,57%"
14-11-24,"471,80","466,90","475,00","465,20","37,84K","1,42%"
15-11-24,"484,00","472,00","484,00","472,00","93,85K","2,59%"
19-11-24,"491,40","490,00","497,00","485,95","45,75K","1,53%"
20-11-24,"489,90","495,00","496,00","489,90","22,95K","-0,31%"
21-11-24,"476,00","493,80","494,00","476,00","23,42K","-2,84%"
22-11-24,"485,00","479,00","485,00","467,00","31,12K","1,89%"
25-11-24,"485,00","477,50","485,00","472,15","24,81K","0,00%"
26-11-24,"485,20","484,90","488,55","478,10","6,17K","0,04%"
27-11-24,"490,60","487,90","492,00","487,00","18,58K","1,11%"
28-11-24,"495,50","494,00","495,50","490,60","13,10K","1,00%"
29-11-24,"470,00","476,15","485,00","470,00","145,71K","-5,15%"
02-12-24,"465,90","472,00","474,00","465,50","28,78K","-0,87%"
03-12-24,"467,65","465,10","469,00","465,00","17,46K","0,38%"
04-12-24,"466,15","468,50","469,50","466,00","7,57K","-0,32%"
05-12-24,"475,00","468,85","480,00","468,50","28,03K","1,90%"
06-12-24,"483,00","480,00","485,00","477,00","13,15K","1,68%"
09-12-24,"478,00","482,00","484,00","478,00","7,48K","-1,04%"
10-12-24,"475,60","478,00","480,00","475,00","7,92K","-0,50%"
11-12-24,"470,00","479,00","479,00","465,00","15,67K","-1,18%"
12-12-24,"475,00","472,90","475,00","470,50","3,88K","1,06%"
13-12-24,"473,00","475,00","475,90","473,00","7,52K","-0,42%"
16-12-24,"478,00","475,00","479,45","473,20","4,53K","1,06%"
17-12-24,"478,00","478,00","485,00","473,10","35,81K","0,00%"
18-12-24,"479,00","480,00","484,00","479,00","2,61K","0,21%"
19-12-24,"473,00","481,90","481,90","473,00","15,82K","-1,25%"
20-12-24,"470,00","474,00","475,00","467,50","15,87K","-0,63%"
23-12-24,"469,45","473,00","474,00","467,10","9,23K","-0,12%"
24-12-24,"468,00","469,00","470,00","467,00","5,52K","-0,31%"
25-12-24,"465,40","467,00","468,00","465,10","4,84K","-0,56%"
26-12-24,"467,10","465,50","471,00","465,50","14,82K","0,37%"
27-12-24,"468,00","474,95","474,95","468,00","23,00K","0,19%"
30-12-24,"471,00","470,00","473,50","469,05","5,79K","0,64%"
31-12-24,"476,00","471,10","476,00","471,10","13,51K","1,06%"
02-01-25,"510,00","478,80","514,00","476,00","58,34K","7,14%"
03-01-25,"530,00","514,00","530,00","514,00","114,57K","3,92%"
06-01-25,"521,00","539,90","539,90","521,00","65,21K","-1,70%"
07-01-25,"523,10","527,00","527,00","511,00","61,20K","0,40%"
08-01-25,"531,20","528,90","548,90","526,00","112,49K","1,55%"
09-01-25,"535,00","545,10","555,00","531,20","63,52K","0,72%"
10-01-25,"530,00","540,00","543,00","530,00","45,77K","-0,93%"
13-01-25,"530,00","526,50","535,00","515,00","9,02K","0,00%"
15-01-25,"540,00","531,00","543,00","530,10","29,08K","1,89%"
16-01-25,"540,00","544,00","548,00","539,00","42,92K","0,00%"
17-01-25,"535,00","538,30","545,00","535,00","23,48K","-0,93%"
20-01-25,"530,50","536,00","539,90","530,50","17,57K","-0,84%"
21-01-25,"520,00","530,00","532,90","520,00","56,23K","-1,98%"
22-01-25,"514,10","520,00","520,00","507,00","59,69K","-1,13%"
23-01-25,"516,00","520,00","524,00","515,00","56,55K","0,37%"
24-01-25,"530,00","525,00","530,00","523,40","39,12K","2,71%"
27-01-25,"530,00","530,00","535,00","529,70","21,16K","0,00%"
28-01-25,"530,00","529,90","530,00","525,30","7,18K","0,00%"
29-01-25,"543,00","533,70","543,00","530,10","100,87K","2,45%"
30-01-25,"547,40","547,00","549,40","546,10","27,75K","0,81%"
31-01-25,"558,00","558,00","574,00","555,10","163,59K","1,94%"
03-02-25,"558,00","560,10","566,90","558,00","20,96K","0,00%"
04-02-25,"561,50","560,00","564,90","560,00","17,28K","0,63%"
05-02-25,"565,00","565,00","565,00","562,00","9,70K","0,62%"
06-02-25,"569,50","570,00","570,00","567,00","8,49K","0,80%"
07-02-25,"567,00","569,50","570,00","567,00","22,51K","-0,44%"
10-02-25,"566,60","570,00","571,00","566,10","12,02K","-0,07%"
11-02-25,"558,00","558,00","569,90","558,00","65,58K","-1,52%"
12-02-25,"563,00","567,40","567,40","558,10","15,92K","0,90%"
13-02-25,"570,00","565,10","571,40","565,10","27,13K","1,24%"
14-02-25,"575,10","570,10","577,00","570,10","32,62K","0,89%"
17-02-25,"588,00","580,00","589,90","580,00","67,03K","2,24%"
18-02-25,"600,00","595,00","600,00","593,00","92,60K","2,04%"
20-02-25,"659,90","659,90","659,90","659,90","0,51K","9,98%"
21-02-25,"725,80","725,80","725,80","725,80","12,61K","9,99%"
24-02-25,"725,00","747,00","747,00","720,00","189,55K","-0,11%"
25-02-25,"700,00","725,00","725,00","695,00","55,28K","-3,45%"
26-02-25,"700,00","714,90","715,00","699,50","59,15K","0,00%"
27-02-25,"695,00","709,90","714,00","695,00","79,27K","-0,71%"
28-02-25,"659,00","695,00","699,00","659,00","41,88K","-5,18%"
03-03-25,"685,00","673,60","694,00","673,50","6,70K","3,95%"
04-03-25,"693,10","687,10","695,00","687,10","55,54K","1,18%"
05-03-25,"690,00","695,00","699,00","690,00","7,09K","-0,45%"
06-03-25,"690,00","690,10","694,00","684,00","38,59K","0,00%"
07-03-25,"690,00","690,00","690,00","685,10","10,33K","0,00%"
10-03-25,"666,00","691,30","694,00","666,00","23,13K","-3,48%"
11-03-25,"666,10","679,00","680,00","666,10","11,09K","0,02%"
12-03-25,"640,10","667,00","667,50","636,10","38,02K","-3,90%"
13-03-25,"662,00","640,10","680,00","640,00","66,00K","3,42%"
14-03-25,"670,00","665,00","679,00","662,00","36,71K","1,21%"
17-03-25,"692,00","694,90","694,90","681,10","50,68K","3,28%"
18-03-25,"710,00","698,00","710,00","695,00","193,40K","2,60%"
19-03-25,"730,00","730,00","739,90","721,00","162,11K","2,82%"
20-03-25,"724,00","735,00","735,00","720,00","35,44K","-0,82%"
21-03-25,"721,10","729,90","729,90","721,10","108,03K","-0,40%"
24-03-25,"733,00","726,00","737,00","725,10","97,92K","1,65%"
25-03-25,"710,00","740,00","748,00","710,00","104,36K","-3,14%"
26-03-25,"716,00","720,00","720,00","713,00","13,70K","0,85%"
27-03-25,"715,00","720,00","724,80","702,00","97,42K","-0,14%"
28-03-25,"700,00","716,10","728,50","700,00","93,29K","-2,10%"
02-04-25,"706,00","711,00","720,00","702,00","20,58K","0,86%"
03-04-25,"690,00","710,00","710,00","685,00","66,93K","-2,27%"
04-04-25,"705,00","684,90","705,00","660,00","121,97K","2,17%"
07-04-25,"662,00","670,00","670,00","634,80","136,93K","-6,10%"
08-04-25,"650,00","680,30","694,00","640,00","78,57K","-1,81%"
09-04-25,"639,00","625,00","648,00","615,00","140,44K","-1,69%"
10-04-25,"641,00","697,00","697,00","641,00","76,63K","0,31%"
11-04-25,"635,20","650,00","660,00","632,00","59,98K","-0,90%"
14-04-25,"662,00","644,10","662,00","644,10","34,73K","4,22%"
15-04-25,"695,00","666,00","696,00","666,00","83,79K","4,98%"
16-04-25,"690,00","699,00","700,00","686,00","36,70K","-0,72%"
17-04-25,"687,00","689,00","690,00","685,00","9,20K","-0,43%"
18-04-25,"689,00","690,00","690,00","686,00","55,41K","0,29%"
21-04-25,"691,00","694,90","695,00","690,00","6,91K","0,29%"
22-04-25,"697,10","694,90","704,90","694,90","35,54K","0,88%"
23-04-25,"697,00","702,90","703,80","690,10","3,54K","-0,01%"
24-04-25,"705,10","700,00","705,10","694,20","49,22K","1,16%"
25-04-25,"712,00","710,00","717,00","706,10","24,84K","0,98%"
28-04-25,"720,00","719,00","720,00","715,00","8,47K","1,12%"
29-04-25,"730,00","725,00","739,50","725,00","57,84K","1,39%"
30-04-25,"732,00","730,00","737,40","730,00","16,01K","0,27%"
02-05-25,"733,00","733,00","733,80","725,50","30,31K","0,14%"
05-05-25,"733,00","733,00","733,50","726,00","6,96K","0,00%"
06-05-25,"732,40","734,00","735,00","729,00","20,77K","-0,08%"
07-05-25,"733,00","736,90","740,00","733,00","29,70K","0,08%"
08-05-25,"735,90","737,00","737,00","730,00","10,46K","0,40%"
09-05-25,"770,00","732,00","770,00","731,00","84,15K","4,63%"
12-05-25,"811,00","782,00","820,00","782,00","109,68K","5,32%"
13-05-25,"815,00","815,00","844,90","811,10","57,36K","0,49%"
14-05-25,"797,90","815,20","820,00","793,00","41,48K","-2,10%"
15-05-25,"800,00","795,00","810,00","795,00","45,97K","0,26%"
16-05-25,"800,00","815,00","817,00","800,00","49,24K","0,00%"
19-05-25,"849,00","800,10","870,00","800,10","89,91K","6,13%"
20-05-25,"900,00","870,00","910,00","870,00","90,90K","6,01%"
21-05-25,"822,50","832,00","849,00","810,50","160,83K","-8,61%"
22-05-25,"830,00","820,10","830,00","820,10","48,12K","0,91%"
23-05-25,"852,00","832,10","860,00","832,10","86,55K","2,65%"
26-05-25,"880,40","854,00","890,00","852,00","28,45K","3,33%"
27-05-25,"882,00","890,00","897,00","880,10","28,23K","0,18%"
28-05-25,"880,00","888,00","889,00","880,00","13,19K","-0,23%"
29-05-25,"865,00","877,00","879,00","856,00","40,35K","-1,70%"
30-05-25,"880,00","871,90","880,00","863,00","22,34K","1,73%"
02-06-25,"879,00","871,20","888,00","868,20","8,42K","-0,11%"
03-06-25,"901,10","889,00","910,00","883,00","62,05K","2,51%"
04-06-25,"905,00","900,00","920,00","900,00","27,34K","0,43%"
05-06-25,"900,00","910,00","910,00","900,00","22,98K","-0,55%"
06-06-25,"890,00","903,10","903,10","890,00","14,89K","-1,11%"
10-06-25,"885,00","895,00","902,50","885,00","21,88K","-0,56%"
11-06-25,"895,00","912,00","912,00","890,00","33,30K","1,13%"
12-06-25,"880,00","894,90","894,90","880,00","57,27K","-1,68%"
13-06-25,"869,90","865,10","874,00","832,10","81,63K","-1,15%"
16-06-25,"858,00","859,00","870,00","846,00","55,63K","-1,37%"
17-06-25,"849,90","856,00","861,00","849,90","68,97K","-0,94%"
18-06-25,"821,50","851,00","851,00","816,00","94,64K","-3,34%"
19-06-25,"809,60","816,00","819,00","789,00","57,51K","-1,45%"
20-06-25,"830,00","821,00","845,00","815,00","59,50K","2,52%"
23-06-25,"819,00","800,00","825,00","800,00","43,80K","-1,33%"
24-06-25,"825,00","851,00","859,00","825,00","59,25K","0,73%"
25-06-25,"849,00","851,00","851,00","840,00","11,97K","2,91%"
26-06-25,"880,00","855,00","880,00","850,00","14,48K","3,65%"
30-06-25,"860,00","879,90","890,00","860,00","58,09K","-2,27%"
01-07-25,"880,00","880,00","887,00","865,00","11,07K","2,33%"
02-07-25,"894,90","890,00","898,90","879,00","20,50K","1,69%"
03-07-25,"886,10","899,90","899,90","880,00","11,34K","-0,98%"
04-07-25,"891,30","890,00","891,30","881,30","39,73K","0,59%"
07-07-25,"870,00","888,00","889,00","866,00","68,67K","-2,39%"
08-07-25,"879,00","870,00","882,00","870,00","23,81K","1,03%"
09-07-25,"900,00","881,00","905,00","881,00","35,68K","2,39%"
10-07-25,"944,90","910,00","945,00","910,00","58,18K","4,99%"
11-07-25,"976,90","955,00","979,70","950,00","87,84K","3,39%"
14-07-25,"964,00","982,00","982,00","951,00","51,02K","-1,32%"
15-07-25,"956,20","960,00","964,00","956,20","39,66K","-0,81%"
16-07-25,"959,90","958,10","962,00","955,10","24,89K","0,39%"
17-07-25,"962,00","960,00","962,00","951,00","63,32K","0,22%"
18-07-25,"973,90","969,00","975,00","960,00","17,30K","1,24%"
21-07-25,"1.000,00","989,00","1.019,00","988,00","44,59K","2,68%"
22-07-25,"1.000,00","1.020,00","1.020,00","997,00","42,02K","0,00%"
23-07-25,"980,10","1.005,00","1.005,00","980,10","30,95K","-1,99%"
24-07-25,"965,30","979,00","988,90","965,10","106,27K","-1,51%"
25-07-25,"959,00","966,50","980,00","959,00","108,29K","-0,65%"
28-07-25,"976,60","949,00","989,00","934,00","268,03K","1,84%"
29-07-25,"993,00","982,00","995,00","982,00","135,20K","1,68%"
31-07-25,"1.035,00","1.001,00","1.070,00","1.001,00","181,93K","4,23%"
01-08-25,"1.034,00","1.049,00","1.080,00","1.015,00","309,19K","-0,10%"
04-08-25,"1.035,00","1.025,00","1.040,00","990,10","66,11K","0,10%"
05-08-25,"1.032,00","1.030,00","1.055,00","1.030,00","70,28K","-0,29%"
06-08-25,"1.035,00","1.040,00","1.040,00","1.025,00","54,21K","0,29%"
07-08-25,"1.039,00","1.035,00","1.055,00","1.031,00","69,93K","0,39%"
08-08-25,"1.055,00","1.047,00","1.055,00","1.035,00","55,87K","1,54%"
11-08-25,"1.070,00","1.070,00","1.090,00","1.070,00","70,57K","1,42%"
12-08-25,"1.070,00","1.070,00","1.080,00","1.060,00","35,88K","0,00%"
13-08-25,"1.072,00","1.068,00","1.077,00","1.068,00","42,40K","0,19%"
15-08-25,"1.068,00","1.079,00","1.084,00","1.068,00","61,66K","-0,37%"
18-08-25,"1.063,00","1.077,00","1.077,00","1.057,00","16,55K","-0,47%"
19-08-25,"1.058,00","1.058,00","1.060,00","1.045,00","80,36K","-0,47%"
22-08-25,"1.082,00","1.050,00","1.082,00","1.048,00","55,04K","2,27%"
25-08-25,"1.079,00","1.082,00","1.082,00","1.063,00","21,39K","-0,28%"
26-08-25,"1.082,00","1.070,00","1.082,00","1.065,00","27,90K","0,28%"
27-08-25,"1.082,00","1.052,00","1.100,00","1.052,00","100,15K","0,00%"
28-08-25,"1.067,00","1.083,00","1.088,00","1.065,00","24,94K","-1,39%"
29-08-25,"1.050,00","1.061,00","1.061,00","1.040,00","84,38K","-1,59%"
01-09-25,"1.035,00","1.050,00","1.050,00","1.027,00","69,95K","-1,43%"
02-09-25,"1.036,00","1.037,00","1.045,00","1.029,00","30,69K","0,10%"
03-09-25,"1.036,00","1.036,00","1.050,00","1.035,00","21,67K","0,00%"
04-09-25,"1.035,00","1.040,00","1.056,00","1.035,00","55,37K","-0,10%"
08-09-25,"1.019,00","1.035,00","1.040,00","1.018,00","42,16K","-1,55%"
09-09-25,"991,00","1.019,00","1.019,00","991,00","60,93K","-2,75%"
10-09-25,"1.007,00","1.000,00","1.018,00","1.000,00","27,87K","1,61%"
11-09-25,"1.010,00","1.005,00","1.014,00","1.005,00","39,01K","0,30%"
12-09-25,"999,00","1.010,00","1.014,00","999,00","51,85K","-1,09%"
15-09-25,"971,00","1.000,00","1.000,00","971,00","31,11K","-2,80%"
16-09-25,"955,00","980,00","985,00","955,00","58,20K","-1,65%"
17-09-25,"960,00","955,00","995,00","952,00","28,67K","0,52%"
18-09-25,"980,00","974,00","980,00","970,00","45,42K","2,08%"
19-09-25,"970,00","980,00","988,00","969,00","45,61K","-1,02%"
22-09-25,"963,00","970,00","975,00","960,10","17,40K","-0,72%"
23-09-25,"970,00","962,00","970,00","942,00","36,83K","0,73%"
24-09-25,"946,00","955,00","955,50","944,00","20,74K","-2,47%"
25-09-25,"922,00","946,00","950,00","922,00","64,50K","-2,54%"
26-09-25,"912,00","925,00","930,00","912,00","49,81K","-1,08%"
29-09-25,"885,00","915,60","921,00","879,00","173,24K","-2,96%"
30-09-25,"910,00","885,00","915,00","807,00","117,04K","2,82%"
01-10-25,"880,00","892,10","898,00","870,00","40,56K","-3,30%"
02-10-25,"890,00","858,00","899,80","821,00","79,05K","1,14%"
03-10-25,"915,10","892,00","920,00","892,00","75,93K","2,82%"
06-10-25,"935,00","925,00","944,00","925,00","29,49K","2,17%"
07-10-25,"921,00","935,00","935,00","921,00","24,34K","-1,50%"
08-10-25,"910,00","925,00","925,00","908,00","18,07K","-1,19%"
09-10-25,"900,00","915,00","915,00","896,10","19,62K","-1,10%"
10-10-25,"883,20","900,00","900,00","883,20","40,75K","-1,87%"
13-10-25,"899,90","890,00","900,00","890,00","3,61K","1,89%"
14-10-25,"875,00","899,90","900,00","870,10","48,20K","-2,77%"
15-10-25,"870,00","874,90","874,90","845,00","39,96K","-0,57%"
16-10-25,"900,00","870,00","900,00","870,00","13,11K","3,45%"
17-10-25,"900,00","900,00","908,50","892,00","15,33K","0,00%"
20-10-25,"918,10","915,00","927,00","908,10","23,17K","2,01%"
21-10-25,"930,00","925,00","930,00","918,00","39,40K","1,30%"
22-10-25,"930,00","939,90","949,00","930,00","33,55K","0,00%"
23-10-25,"928,00","932,10","939,00","911,00","11,07K","-0,22%"
24-10-25,"920,00","915,00","925,00","914,90","51,47K","-0,86%"
27-10-25,"915,00","920,00","924,00","915,00","17,49K","-0,54%"
28-10-25,"910,00","915,00","916,50","909,00","28,70K","-0,55%"
29-10-25,"913,00","911,00","914,00","909,00","35,26K","0,33%"
30-10-25,"949,00","913,00","949,00","912,00","112,56K","3,94%"
31-10-25,"961,00","950,00","969,90","949,00","129,95K","1,26%"
03-11-25,"980,00","991,00","1.020,00","980,00","100,67K","1,98%"
04-11-25,"960,00","980,00","980,00","956,00","23,44K","-2,04%"
05-11-25,"949,00","953,00","957,00","942,00","14,87K","-1,15%"
07-11-25,"938,00","940,00","950,00","937,00","16,63K","-1,16%"
10-11-25,"915,00","935,00","935,00","908,00","26,19K","-2,45%"
11-11-25,"888,00","911,10","919,90","888,00","28,38K","-2,95%"
12-11-25,"900,00","895,00","908,00","888,10","448,21K","1,35%"
13-11-25,"900,00","907,90","908,00","895,00","11,75K","0,00%"
14-11-25,"899,00","895,00","909,00","891,00","18,10K","-0,11%"
17-11-25,"895,00","909,00","909,00","892,00","4,68K","-0,44%"
19-11-25,"853,90","850,20","870,00","840,00","47,59K","-4,59%"
20-11-25,"857,90","850,00","863,00","850,00","55,71K","0,47%"
21-11-25,"860,00","858,00","865,00","857,00","58,63K","0,24%"
24-11-25,"887,60","860,30","887,60","860,30","31,21K","3,21%"
25-11-25,"900,50","883,00","900,50","875,00","62,65K","1,45%"
26-11-25,"935,00","900,00","935,00","895,00","129,65K","3,83%"
27-11-25,"925,00","925,00","933,00","906,10","57,03K","-1,07%"
28-11-25,"930,00","915,00","930,00","906,00","114,52K","0,54%"
01-12-25,"914,00","909,00","914,00","900,00","7,92K","-1,72%"
02-12-25,"902,30","900,00","905,00","895,10","22,46K","-1,28%"
03-12-25,"900,00","895,10","901,90","890,10","13,92K","-0,25%"
04-12-25,"900,00","895,30","905,00","886,10","13,37K","0,00%"
05-12-25,"900,00","890,00","900,00","885,00","41,54K","0,00%"
08-12-25,"900,00","893,00","900,00","885,00","9,39K","0,00%"
09-12-25,"905,00","892,00","905,00","888,00","19,54K","0,56%"
10-12-25,"915,00","905,00","916,00","900,10","8,98K","1,10%"
11-12-25,"919,50","907,10","919,50","906,30","16,92K","0,49%"
12-12-25,"920,00","919,00","920,00","910,10","27,01K","0,05%"
15-12-25,"921,00","911,10","921,00","905,00","35,83K","0,11%"
16-12-25,"917,00","921,00","924,00","910,00","34,54K","-0,43%"
17-12-25,"940,00","932,50","948,80","932,50","87,99K","2,51%"
18-12-25,"939,90","940,00","945,00","939,90","23,62K","-0,01%"
19-12-25,"947,00","940,00","950,00","931,00","48,78K","0,76%"
22-12-25,"944,00","944,90","944,90","932,00","27,64K","-0,32%"
23-12-25,"940,00","933,00","942,00","932,00","15,58K","-0,42%"
24-12-25,"944,00","931,00","944,00","931,00","40,43K","0,43%"
25-12-25,"940,00","934,00","944,00","931,00","76,67K","-0,42%"
26-12-25,"940,00","933,10","950,00","933,10","123,45K","0,00%"
29-12-25,"895,00","930,30","930,30","890,00","20,98K","-4,79%"
30-12-25,"929,70","890,00","929,70","888,00","16,37K","3,88%"
31-12-25,"906,10","900,00","927,00","900,00","15,04K","-2,54%"
02-01-26,"935,00","910,00","935,00","880,00","18,76K","3,19%"
05-01-26,"940,00","921,00","940,00","920,00","63,73K","0,53%"
06-01-26,"950,00","925,00","959,90","925,00","124,20K","1,06%"
07-01-26,"946,00","943,00","946,00","941,20","8,03K","-0,42%"
08-01-26,"930,00","946,00","946,00","924,00","36,97K","-1,69%"
09-01-26,"930,00","911,00","930,00","905,20","30,46K","0,00%"
12-01-26,"915,00","908,60","929,00","908,60","14,41K","-1,61%"
13-01-26,"910,90","910,00","915,00","910,00","18,31K","-0,45%"
15-01-26,"888,00","910,00","910,00","881,00","18,51K","-2,51%"
16-01-26,"900,00","888,00","900,00","888,00","13,19K","1,35%"
19-01-26,"884,00","886,00","900,00","882,50","10,88K","-1,78%"
20-01-26,"877,00","884,00","884,00","870,00","10,29K","-0,79%"
21-01-26,"869,00","870,00","874,90","866,20","7,89K","-0,91%"
22-01-26,"885,00","880,00","889,90","872,00","13,92K","1,84%"
23-01-26,"879,00","884,00","889,00","869,10","15,63K","-0,68%"
26-01-26,"831,00","869,00","869,00","825,00","29,01K","-5,46%"
27-01-26,"870,00","829,00","870,00","825,00","22,13K","4,69%"
28-01-26,"885,00","860,00","885,00","842,50","19,71K","1,72%"
29-01-26,"864,00","890,00","890,00","861,00","5,40K","-2,37%"
30-01-26,"865,00","850,00","865,00","842,00","18,37K","0,12%"
02-02-26,"850,00","844,10","860,00","835,00","21,99K","-1,73%"
03-02-26,"848,00","840,00","850,00","837,00","6,07K","-0,24%"
04-02-26,"840,00","841,00","849,00","840,00","39,43K","-0,94%"
05-02-26,"837,00","842,00","843,90","830,10","80,33K","-0,36%"
06-02-26,"834,30","830,00","839,00","821,00","51,32K","-0,32%"
09-02-26,"830,00","835,00","839,80","826,10","3,26K","-0,52%"
10-02-26,"820,00","830,00","833,00","820,00","8,71K","-1,20%"
11-02-26,"821,00","828,00","830,00","819,00","31,09K","0,12%"
12-02-26,"846,00","825,00","846,00","825,00","15,44K","3,05%"
13-02-26,"845,00","865,00","865,00","838,00","28,89K","-0,12%"
16-02-26,"854,00","846,00","859,00","846,00","20,83K","1,07%"
17-02-26,"849,00","850,00","850,00","836,00","16,39K","-0,59%"
18-02-26,"840,00","840,00","845,00","837,00","15,94K","-1,06%"
19-02-26,"843,70","840,00","844,00","830,20","3,42K","0,44%"
20-02-26,"839,00","838,00","839,00","830,00","21,26K","-0,56%"
23-02-26,"829,90","826,00","835,00","826,00","17,12K","-1,08%"
24-02-26,"825,50","830,00","834,00","825,50","17,20K","-0,53%"
25-02-26,"820,00","827,00","830,00","820,00","4,83K","-0,67%"
26-02-26,"810,00","820,00","820,00","810,00","7,28K","-1,22%"
27-02-26,"800,00","812,00","814,90","800,00","41,20K","-1,23%"
02-03-26,"728,00","731,00","765,00","728,00","274,08K","-9,00%"
03-03-26,"676,00","725,00","725,00","675,10","99,01K","-7,14%"
04-03-26,"685,00","681,00","728,00","681,00","131,20K","1,33%"
05-03-26,"745,00","719,00","745,00","715,00","32,40K","8,76%"
06-03-26,"720,00","764,00","764,00","720,00","120,28K","-3,36%"
09-03-26,"695,00","700,00","700,00","690,00","33,99K","-3,47%"
10-03-26,"711,00","734,00","739,80","711,00","60,44K","2,30%"
11-03-26,"703,00","727,00","727,00","703,00","16,32K","-1,13%"
12-03-26,"709,00","715,50","715,50","707,90","17,48K","0,85%"
13-03-26,"680,00","710,00","710,00","680,00","94,23K","-4,09%"
16-03-26,"693,00","690,00","705,00","685,10","12,87K","1,91%"
17-03-26,"708,40","698,00","709,00","698,00","5,27K","2,22%"
18-03-26,"735,00","732,00","750,00","720,00","41,02K","3,75%"
19-03-26,"720,00","720,00","728,50","708,00","9,60K","-2,04%"
24-03-26,"725,00","735,00","735,00","718,00","17,37K","0,69%"
25-03-26,"750,00","730,00","750,00","721,00","21,76K","3,45%"
26-03-26,"750,00","743,80","750,00","733,50","14,19K","0,00%"
27-03-26,"749,90","749,70","749,90","737,00","14,16K","-0,01%"
30-03-26,"740,10","740,00","746,00","736,00","3,99K","-1,31%"
31-03-26,"739,00","750,00","750,00","731,00","10,51K","-0,15%"
01-04-26,"754,00","745,30","759,90","745,30","52,05K","2,03%"
02-04-26,"751,80","748,00","754,00","741,00","66,60K","-0,29%"
03-04-26,"746,00","746,20","752,00","746,00","30,08K","-0,77%"
06-04-26,"744,00","746,00","749,00","735,00","5,54K","-0,27%"
07-04-26,"730,00","736,00","744,00","725,00","43,72K","-1,88%"
08-04-26,"769,90","755,20","774,00","755,00","68,33K","5,47%"
09-04-26,"762,00","769,90","769,90","756,20","13,63K","-1,03%"
10-04-26,"775,00","765,00","779,00","763,00","61,31K","1,71%"
