Date,Dernier,Ouv.,Plus Haut,Plus Bas,Vol.,Variation %
2023-12-19,133.0,133.0,133.0,133.0,1070000.0,9.96
2023-12-20,146.25,146.25,146.25,146.25,1540000.0,9.96
2023-12-21,140.7,148.9,148.9,140.55,510480.0,-3.79
2023-12-22,141.0,140.0,143.9,138.0,215920.0,0.21
2023-12-25,139.5,142.0,142.55,139.5,132490.0,-1.06
2023-12-26,140.0,139.0,140.0,139.0,102940.0,0.36
2023-12-27,140.5,139.15,141.3,139.15,44300.0,0.36
2023-12-28,141.0,140.1,141.5,140.0,72930.0,0.36
2023-12-29,141.5,141.0,142.0,141.0,397670.0,0.35
2024-01-02,146.0,141.5,146.0,141.2,1270000.0,3.18
2024-01-03,148.05,144.55,148.45,144.55,276800.0,1.4
2024-01-04,149.5,148.1,149.5,148.1,126960.0,0.98
2024-01-05,156.25,149.7,156.25,149.15,197450.0,4.52
2024-01-08,157.0,156.5,159.0,156.0,77560.0,0.48
2024-01-09,153.1,157.0,157.0,151.0,65110.0,-2.48
2024-01-10,155.0,155.0,156.0,153.15,83690.0,1.24
2024-01-12,153.6,155.0,155.0,153.5,45640.0,-0.9
2024-01-15,152.3,153.65,153.9,152.05,17330.0,-0.85
2024-01-16,152.2,153.5,153.9,152.0,77630.0,-0.07
2024-01-17,152.0,151.9,152.2,151.1,55360.0,-0.13
2024-01-18,153.5,151.1,153.65,151.0,48570.0,0.99
2024-01-19,156.0,153.1,156.0,153.0,63300.0,1.63
2024-01-22,155.15,156.0,156.0,154.15,26950.0,-0.54
2024-01-23,155.0,154.2,155.5,154.0,11610.0,-0.1
2024-01-24,154.5,153.0,155.0,153.0,60030.0,-0.32
2024-01-25,153.0,153.2,154.0,153.0,4860.0,-0.97
2024-01-26,152.35,153.0,153.8,152.2,17250.0,-0.42
2024-01-29,152.05,152.9,152.9,152.0,14750.0,-0.2
2024-01-30,150.9,151.95,152.0,150.1,23350.0,-0.76
2024-01-31,149.6,150.25,150.3,148.5,25330.0,-0.86
2024-02-01,149.0,149.0,150.5,149.0,25740.0,-0.4
2024-02-02,149.9,149.0,150.0,148.5,7930.0,0.6
2024-02-05,149.0,150.0,150.0,148.65,7180.0,-0.6
2024-02-06,150.0,148.8,150.0,148.5,59520.0,0.67
2024-02-07,154.5,149.2,155.0,149.05,43240.0,3.0
2024-02-08,153.0,153.0,154.0,151.05,21600.0,-0.97
2024-02-09,153.45,152.1,153.45,151.5,29050.0,0.29
2024-02-12,153.0,152.15,153.85,151.1,23820.0,-0.29
2024-02-13,153.0,151.05,153.5,151.0,51560.0,0.0
2024-02-14,152.0,152.05,153.5,150.55,17170.0,-0.65
2024-02-15,154.85,151.7,155.0,151.7,73080.0,1.88
2024-02-16,156.0,153.45,156.0,153.45,40220.0,0.74
2024-02-19,154.4,154.05,155.0,153.9,13010.0,-1.03
2024-02-20,155.05,154.3,155.05,154.0,6880.0,0.42
2024-02-21,160.5,156.0,161.0,156.0,110530.0,3.51
2024-02-22,160.0,159.75,161.0,159.65,49620.0,-0.31
2024-02-23,161.5,160.0,161.5,160.0,26460.0,0.94
2024-02-26,161.6,160.55,161.6,160.05,19030.0,0.06
2024-02-27,162.0,161.35,162.0,161.15,7000.0,0.25
2024-02-28,163.0,162.6,164.95,162.0,64610.0,0.62
2024-02-29,160.25,163.0,163.0,160.25,13990.0,-1.69
2024-03-01,161.0,162.0,162.0,160.25,5940.0,0.47
2024-03-04,159.0,161.0,161.0,158.5,36250.0,-1.24
2024-03-05,157.2,159.95,159.95,157.0,11970.0,-1.13
2024-03-06,156.0,157.0,157.0,155.15,49360.0,-0.76
2024-03-07,155.0,156.6,156.6,155.0,4220.0,-0.64
2024-03-08,155.0,154.15,155.85,152.0,35600.0,0.0
2024-03-11,155.3,156.0,156.5,155.2,23100.0,0.19
2024-03-12,156.0,156.0,157.0,156.0,7010.0,0.45
2024-03-13,156.0,156.0,156.8,155.5,5020.0,0.0
2024-03-14,158.0,156.0,158.0,156.0,21170.0,1.28
2024-03-15,158.55,158.1,158.55,157.1,32340.000000000004,0.35
2024-03-18,157.0,157.9,158.0,155.5,2530.0,-0.98
2024-03-19,156.3,156.4,157.0,155.0,7950.0,-0.45
2024-03-20,155.0,155.15,156.0,154.1,4430.0,-0.83
2024-03-21,155.1,154.15,156.5,154.1,38370.0,0.06
2024-03-22,154.5,155.0,155.2,154.2,47690.0,-0.39
2024-03-25,154.65,154.2,156.0,154.2,4250.0,0.1
2024-03-26,155.0,154.25,155.0,154.25,25630.0,0.23
2024-03-27,156.5,154.25,156.5,154.25,30940.0,0.97
2024-03-28,155.5,156.0,156.0,154.7,2400.0,-0.64
2024-03-29,154.9,155.5,156.0,154.6,6640.0,-0.39
2024-04-01,154.0,154.5,155.0,154.0,23310.0,-0.58
2024-04-02,152.4,152.35,153.85,152.1,6750.0,-1.04
2024-04-03,152.0,152.4,153.5,152.0,17920.0,-0.26
2024-04-04,151.35,151.05,152.0,150.2,8280.0,-0.43
2024-04-05,151.35,151.3,151.35,150.5,4490.0,0.0
2024-04-08,152.0,151.35,153.0,150.5,15680.0,0.43
2024-04-09,155.0,152.0,155.0,150.5,40390.0,1.97
2024-04-15,153.0,151.5,154.95,150.6,12100.0,-1.29
2024-04-16,153.0,151.05,153.95,151.05,110280.0,0.0
2024-04-17,153.0,151.7,153.8,151.0,45250.0,0.0
2024-04-18,152.5,152.1,153.0,150.65,12040.0,-0.33
2024-04-19,152.5,152.0,155.0,152.0,23570.0,0.0
2024-04-22,152.0,153.0,153.0,150.5,28520.0,-0.33
2024-04-23,150.9,150.75,152.0,150.6,37830.0,-0.72
2024-04-24,152.0,150.8,152.0,150.2,49150.0,0.73
2024-04-25,152.0,151.0,152.0,150.4,11560.0,0.0
2024-04-26,151.0,150.7,152.0,150.1,4610.0,-0.66
2024-04-29,151.85,150.15,152.0,150.1,154380.0,0.56
2024-04-30,151.0,151.0,152.0,150.3,4250.0,-0.56
2024-05-02,151.0,150.1,151.9,150.1,7810.0,0.0
2024-05-03,154.85,150.2,155.0,150.2,36810.0,2.55
2024-05-06,152.55,154.8,154.8,150.35,11150.0,-1.49
2024-05-07,154.0,152.6,155.95,152.55,12100.0,0.95
2024-05-08,154.0,153.0,154.0,152.1,18700.0,0.0
2024-05-09,157.35,153.0,158.0,153.0,55410.0,2.18
2024-05-10,161.95,157.35,162.3,156.35,87760.0,2.92
2024-05-13,162.0,161.0,163.0,157.1,44740.0,0.03
2024-05-14,163.0,162.0,163.0,160.0,34930.0,0.62
2024-05-15,162.1,162.0,163.5,159.0,23260.0,-0.55
2024-05-16,166.0,164.0,170.0,164.0,121230.0,2.41
2024-05-17,164.9,163.1,166.0,163.0,7180.0,-0.66
2024-05-20,165.0,163.1,165.0,161.0,7200.0,0.06
2024-05-21,163.05,163.05,165.0,163.05,32200.000000000004,-1.18
2024-05-22,161.0,163.2,165.0,161.0,56560.0,-1.26
2024-05-23,161.0,160.15,165.0,160.15,3420.0,0.0
2024-05-24,160.5,160.8,161.9,160.1,3610.0,-0.31
2024-05-27,161.0,161.0,162.0,160.2,12190.0,0.31
2024-05-28,161.0,160.5,161.9,160.0,4200.0,0.0
2024-05-29,161.1,161.0,162.0,160.6,2400.0,0.06
2024-05-30,161.1,160.0,161.1,160.0,411560.0,0.0
2024-05-31,161.15,161.1,161.15,160.2,8490.0,0.03
2024-06-03,161.0,161.15,161.45,161.0,6390.0,-0.09
2024-06-04,160.0,160.5,161.4,159.35,16610.0,-0.62
2024-06-05,158.0,158.0,160.0,158.0,7350.0,-1.25
2024-06-06,158.1,157.0,160.9,157.0,7620.0,0.06
2024-06-07,158.05,158.15,160.0,158.0,850.0,-0.03
2024-06-10,159.0,158.05,159.0,158.0,800.0,0.6
2024-06-11,159.0,157.05,159.0,154.5,11020.0,0.0
2024-06-12,158.95,159.0,160.0,155.3,664560.0,-0.03
2024-06-13,160.0,157.1,160.0,155.4,7530.0,0.66
2024-06-14,156.8,156.1,159.95,156.1,1300.0,-2.0
2024-06-19,159.6,156.5,159.95,156.4,1330.0,1.79
2024-06-20,156.8,156.1,157.0,156.1,440.0,-1.75
2024-06-21,156.7,156.8,156.8,155.0,990.0,-0.06
2024-06-24,156.0,156.7,158.0,155.0,5640.0,-0.45
2024-06-25,162.5,156.0,162.5,155.0,89200.0,4.17
2024-06-26,158.0,160.0,161.95,156.25,50360.0,-2.77
2024-06-27,158.1,158.0,160.0,158.0,11150.0,0.06
2024-06-28,160.0,157.2,160.0,157.2,46400.0,1.2
2024-07-01,156.35,160.0,160.0,156.1,1620.0,-2.28
2024-07-02,156.5,156.35,158.9,156.35,41590.0,0.1
2024-07-03,155.0,156.7,157.0,155.0,3050.0,-0.96
2024-07-04,156.5,155.5,157.9,155.5,4750.0,0.97
2024-07-05,156.1,156.05,158.0,156.05,27490.0,-0.26
2024-07-08,156.1,156.05,156.5,156.05,7660.0,0.0
2024-07-09,156.35,156.15,157.0,156.15,4190.0,0.16
2024-07-10,157.0,156.35,158.0,156.35,8530.0,0.42
2024-07-11,160.0,157.0,160.0,157.0,22050.0,1.91
2024-07-12,166.0,160.0,166.0,160.0,23960.0,3.75
2024-07-15,164.0,166.0,166.0,160.0,7510.0,-1.2
2024-07-16,165.0,163.05,165.0,162.6,346240.0,0.61
2024-07-17,166.0,165.0,166.4,163.1,25940.0,0.61
2024-07-18,167.0,166.0,167.0,165.0,21950.0,0.6
2024-07-19,169.1,167.0,170.5,166.0,40860.0,1.26
2024-07-22,167.0,169.95,169.95,166.55,6210.0,-1.24
2024-07-23,168.0,167.0,170.0,166.05,16420.0,0.6
2024-07-24,169.95,168.0,170.5,168.0,6670.0,1.16
2024-07-25,169.0,168.0,169.9,168.0,12470.0,-0.56
2024-07-26,171.0,168.5,172.0,168.5,17080.0,1.18
2024-07-29,172.0,170.0,172.0,170.0,5630.0,0.58
2024-07-31,175.0,172.0,178.0,172.0,38500.0,1.74
2024-08-01,178.0,177.0,178.0,175.0,11830.0,1.71
2024-08-02,179.0,178.0,179.0,175.5,17150.0,0.56
2024-08-05,167.6,175.0,175.0,167.0,14390.0,-6.37
2024-08-06,172.0,171.0,175.0,171.0,15720.0,2.63
2024-08-07,172.0,171.0,174.0,170.2,3400.0,0.0
2024-08-08,173.5,172.0,174.0,172.0,19270.0,0.87
2024-08-09,174.0,173.0,174.9,173.0,2230.0,0.29
2024-08-12,173.5,174.85,174.85,171.15,1590.0,-0.29
2024-08-13,174.0,174.0,175.0,173.0,19750.0,0.29
2024-08-15,174.0,174.0,174.5,174.0,6570.0,0.0
2024-08-16,174.0,172.2,174.0,172.15,1850.0,0.0
2024-08-19,173.0,174.0,174.0,171.0,780.0,-0.57
2024-08-22,174.0,172.05,174.95,172.05,36030.0,0.58
2024-08-23,174.8,173.0,174.8,172.0,2320.0,0.46
2024-08-26,173.0,172.1,173.0,172.1,1920.0,-1.03
2024-08-27,174.0,173.0,174.5,173.0,14750.0,0.58
2024-08-28,174.5,174.0,174.85,172.0,6520.0,0.29
2024-08-29,179.4,175.55,182.0,175.55,37170.0,2.81
2024-08-30,178.0,179.0,179.0,175.0,20660.0,-0.78
2024-09-02,178.0,175.5,178.7,172.05,17230.0,0.0
2024-09-03,175.0,177.9,178.0,172.0,7540.0,-1.69
2024-09-04,174.95,175.0,176.0,172.5,18300.0,-0.03
2024-09-05,176.0,173.0,176.5,173.0,5400.0,0.6
2024-09-06,176.0,176.05,177.3,176.0,113200.0,0.0
2024-09-09,176.5,175.0,176.5,174.5,7440.0,0.28
2024-09-10,175.0,178.0,178.0,174.5,1440.0,-0.85
2024-09-11,176.0,175.05,178.0,175.05,4530.0,0.57
2024-09-12,176.1,176.1,178.0,176.0,14360.0,0.06
2024-09-13,180.0,175.0,180.0,175.0,33800.0,2.21
2024-09-18,189.0,181.0,190.0,181.0,31250.0,5.0
2024-09-19,191.0,191.0,193.5,189.0,28940.0,1.06
2024-09-20,194.0,195.0,197.0,193.35,125820.0,1.57
2024-09-23,195.5,196.5,196.5,194.15,15490.0,0.77
2024-09-24,193.0,196.0,197.0,192.0,62760.0,-1.28
2024-09-25,194.9,193.1,194.9,190.5,33780.0,0.98
2024-09-26,193.0,195.0,195.0,193.0,39330.0,-0.97
2024-09-27,193.85,192.0,194.85,190.0,61030.0,0.44
2024-09-30,188.0,194.0,194.0,188.0,60530.0,-3.02
2024-10-01,187.5,187.35,190.0,185.0,16530.0,-0.27
2024-10-02,190.0,185.0,192.0,180.0,89780.0,1.33
2024-10-03,189.0,186.1,190.0,186.1,16250.0,-0.53
2024-10-04,188.5,188.5,193.0,187.55,44210.0,-0.26
2024-10-07,189.5,188.3,190.0,188.0,8490.0,0.53
2024-10-08,185.0,187.5,187.5,185.0,54110.0,-2.37
2024-10-09,186.0,184.15,189.0,184.15,9850.0,0.54
2024-10-10,184.7,185.3,188.5,184.7,4010.0,-0.7
2024-10-11,188.0,184.7,188.0,184.7,700.0,1.79
2024-10-14,184.85,183.05,187.0,183.05,7880.0,-1.68
2024-10-15,180.05,188.0,188.0,180.05,9310.0,-2.6
2024-10-16,177.5,180.0,180.1,176.0,19030.0,-1.42
2024-10-17,185.0,180.0,185.0,180.0,29060.0,4.23
2024-10-18,183.0,187.85,187.85,183.0,4260.0,-1.08
2024-10-21,183.0,182.0,185.0,182.0,15720.0,0.0
2024-10-22,182.0,183.05,183.05,182.0,3890.0,-0.55
2024-10-23,183.5,182.0,183.85,182.0,15660.0,0.82
2024-10-24,183.75,183.1,183.8,182.1,3410.0,0.14
2024-10-25,183.0,183.0,185.0,182.15,4670.0,-0.41
2024-10-28,185.0,183.05,185.9,183.05,9910.0,1.09
2024-10-29,184.0,185.0,186.0,184.0,12820.0,-0.54
2024-10-30,183.55,185.9,185.9,183.55,2420.0,-0.24
2024-10-31,183.5,183.1,185.0,183.1,1950.0,-0.03
2024-11-01,185.5,184.95,185.5,183.0,46360.0,1.09
2024-11-04,183.25,183.0,185.8,182.5,3080.0,-1.21
2024-11-05,185.0,185.0,185.0,183.5,25590.0,0.95
2024-11-07,189.0,183.5,189.0,183.5,28600.0,2.16
2024-11-08,192.0,190.0,193.0,189.15,33520.0,1.59
2024-11-11,200.0,190.0,200.0,190.0,39250.0,4.17
2024-11-12,194.0,198.0,200.0,193.75,7360.0,-3.0
2024-11-13,198.0,197.9,198.0,195.0,22100.0,2.06
2024-11-14,200.1,197.0,201.95,197.0,155150.0,1.06
2024-11-15,203.0,200.5,203.0,198.0,54010.0,1.45
2024-11-19,201.95,199.5,203.0,199.35,15270.0,-0.52
2024-11-20,211.0,209.0,212.9,207.5,144030.0,4.48
2024-11-21,209.55,210.0,212.0,209.1,109800.0,-0.69
2024-11-22,210.3,208.5,210.95,207.4,33140.0,0.36
2024-11-25,207.5,211.0,211.5,207.5,22970.0,-1.33
2024-11-26,209.5,209.9,210.0,205.0,8320.0,0.96
2024-11-27,209.0,209.0,209.0,208.0,17370.0,-0.24
2024-11-28,209.0,207.0,209.5,206.9,25950.0,0.0
2024-11-29,208.0,207.2,208.2,207.0,46300.0,-0.48
2024-12-02,205.0,202.0,207.95,202.0,6120.0,-1.44
2024-12-03,207.0,203.65,208.0,203.65,6030.0,0.98
2024-12-04,205.1,205.0,207.0,204.2,4400.0,-0.92
2024-12-05,207.0,204.6,208.0,204.5,26170.0,0.93
2024-12-06,207.0,207.0,207.0,202.3,2140.0,0.0
2024-12-09,208.0,207.0,208.0,204.0,10290.0,0.48
2024-12-10,210.1,206.0,211.0,204.0,7180.0,1.01
2024-12-11,210.0,210.0,210.0,205.0,9450.0,-0.05
2024-12-12,210.0,207.75,211.0,207.55,16850.0,0.0
2024-12-13,213.0,210.0,213.0,208.2,17330.0,1.43
2024-12-16,214.5,213.45,214.8,212.0,27740.0,0.7
2024-12-17,218.0,215.0,224.95,214.8,36260.0,1.63
2024-12-18,220.0,220.0,223.95,219.0,19600.0,0.92
2024-12-19,220.0,223.7,224.0,219.1,18850.0,0.0
2024-12-20,219.9,220.0,222.9,218.5,24110.0,-0.05
2024-12-23,218.0,219.0,222.95,218.0,8420.0,-0.86
2024-12-24,215.0,217.0,219.0,215.0,34650.0,-1.38
2024-12-25,213.1,212.5,217.95,210.0,16129.999999999998,-0.88
2024-12-26,215.0,219.8,219.8,214.1,490070.0,0.89
2024-12-27,215.0,219.5,219.5,215.0,29040.0,0.0
2024-12-30,218.0,216.0,219.0,216.0,9100.0,1.4
2024-12-31,222.0,217.1,222.0,217.1,16900.0,1.83
2025-01-02,226.1,223.0,226.1,218.5,53550.0,1.85
2025-01-03,234.0,227.5,237.5,227.5,269650.0,3.49
2025-01-06,235.0,237.6,239.9,230.1,42030.0,0.43
2025-01-07,232.2,234.0,236.0,230.2,115750.0,-1.19
2025-01-08,234.1,232.1,236.9,230.5,98460.0,0.82
2025-01-09,239.0,237.0,241.9,235.0,136570.0,2.09
2025-01-10,230.5,240.0,240.9,230.5,161180.0,-3.56
2025-01-13,235.0,238.9,238.9,231.0,9930.0,1.95
2025-01-15,238.0,237.9,238.0,235.5,26740.0,1.28
2025-01-16,238.0,237.3,240.0,237.0,20420.0,0.0
2025-01-17,236.0,238.0,239.0,233.15,444260.0,-0.84
2025-01-20,238.0,235.4,239.0,235.2,30190.0,0.85
2025-01-21,233.0,238.0,239.45,233.0,61040.0,-2.1
2025-01-22,234.0,233.0,235.05,233.0,29300.0,0.43
2025-01-23,233.8,237.0,237.9,233.5,63780.0,-0.09
2025-01-24,234.0,235.0,239.5,233.3,78750.0,0.09
2025-01-27,235.05,238.5,238.5,233.0,770.0,0.45
2025-01-28,235.0,235.15,237.0,235.0,36750.0,-0.02
2025-01-29,239.0,239.85,239.85,236.0,22240.0,1.7
2025-01-30,240.0,239.85,242.5,239.0,38350.0,0.42
2025-01-31,243.0,240.0,243.0,238.0,59030.0,1.25
2025-02-03,242.0,244.0,244.0,242.0,1760.0,-0.41
2025-02-04,240.0,243.0,243.0,238.15,32990.0,-0.83
2025-02-05,241.9,243.6,243.6,241.0,1600.0,0.79
2025-02-06,243.0,242.0,243.0,240.0,2820.0,0.45
2025-02-07,243.0,243.5,243.5,241.0,8119.999999999999,0.0
2025-02-10,241.0,241.6,243.5,241.0,3420.0,-0.82
2025-02-11,238.0,241.0,243.0,238.0,11980.0,-1.24
2025-02-12,240.5,239.0,243.0,238.05,5090.0,1.05
2025-02-13,240.0,241.0,243.5,240.0,33180.0,-0.21
2025-02-14,241.0,240.0,243.0,240.0,12960.0,0.42
2025-02-17,243.95,241.0,243.95,241.0,21050.0,1.22
2025-02-18,244.9,244.2,245.5,244.2,34590.0,0.39
2025-02-19,252.0,245.0,252.0,244.5,23490.0,2.9
2025-02-20,249.0,257.0,258.0,249.0,69910.0,-1.19
2025-02-21,241.0,255.0,255.8,238.0,36260.0,-3.21
2025-02-24,240.0,241.0,249.0,240.0,10640.0,-0.41
2025-02-25,240.0,241.8,241.8,237.0,9450.0,0.0
2025-02-26,238.9,239.0,240.0,233.15,118320.0,-0.46
2025-02-27,236.0,239.0,239.0,236.0,14270.0,-1.21
2025-02-28,237.0,236.2,240.0,236.2,50950.0,0.42
2025-03-03,239.95,239.8,241.0,237.0,750.0,1.24
2025-03-04,236.1,238.0,239.0,236.1,9490.0,-1.6
2025-03-05,235.5,236.0,238.95,235.2,13020.0,-0.25
2025-03-06,236.0,240.0,240.0,235.2,13400.0,0.21
2025-03-07,233.0,238.0,238.0,233.0,7760.0,-1.27
2025-03-10,230.0,233.5,235.0,230.0,15970.0,-1.29
2025-03-11,228.2,230.0,233.7,228.0,26270.0,-0.78
2025-03-12,224.0,229.1,230.0,220.0,24770.0,-1.84
2025-03-13,229.0,224.0,229.4,220.0,13120.0,2.23
2025-03-14,229.5,230.0,230.05,225.0,67700.0,0.22
2025-03-17,229.5,229.0,230.1,228.5,2470.0,0.0
2025-03-18,229.0,232.0,232.0,228.0,14180.0,-0.22
2025-03-19,230.0,233.0,234.0,230.0,57300.0,0.44
2025-03-20,232.0,230.0,233.0,230.0,24700.0,0.87
2025-03-21,232.0,232.5,232.8,230.15,22800.0,0.0
2025-03-24,229.0,230.0,231.1,229.0,45530.0,-1.29
2025-03-25,228.0,229.0,231.9,228.0,36490.0,-0.44
2025-03-26,223.15,229.0,231.8,222.0,309050.0,-2.13
2025-03-27,223.15,224.0,227.9,223.15,34330.0,0.0
2025-03-28,225.0,223.2,227.5,223.15,49230.0,0.83
2025-04-02,224.0,225.0,227.1,223.2,3920.0,-0.44
2025-04-03,222.0,225.4,225.4,220.1,15700.0,-0.89
2025-04-04,222.0,221.2,223.0,216.0,89630.0,0.0
2025-04-07,205.0,215.0,216.0,200.1,27330.0,-7.66
2025-04-08,210.0,206.0,214.4,206.0,41240.0,2.44
2025-04-09,213.0,205.0,215.0,198.0,227120.0,1.43
2025-04-10,215.0,224.0,224.0,215.0,22800.0,0.94
2025-04-11,210.0,216.0,216.0,210.0,34030.0,-2.33
2025-04-14,215.0,214.0,215.95,211.0,6260.0,2.38
2025-04-15,220.25,215.7,227.5,215.7,39280.0,2.44
2025-04-16,224.0,221.0,227.45,221.0,8360.0,1.7
2025-04-17,224.0,227.0,227.0,223.95,7720.0,0.0
2025-04-18,220.5,225.0,226.0,220.0,25750.0,-1.56
2025-04-21,224.0,220.65,225.0,220.65,3540.0,1.59
2025-04-22,223.0,224.5,224.6,222.0,11680.0,-0.45
2025-04-23,226.0,225.9,226.0,222.05,12940.0,1.35
2025-04-24,229.0,227.0,230.05,225.0,17770.0,1.33
2025-04-25,230.0,230.0,235.0,228.0,47520.0,0.44
2025-04-28,228.1,230.0,233.9,228.0,5370.0,-0.83
2025-04-29,227.9,228.0,231.0,225.1,4740.0,-0.09
2025-04-30,229.0,226.1,232.9,226.1,67320.0,0.48
2025-05-02,228.9,226.6,229.0,226.6,11160.0,-0.04
2025-05-05,226.2,226.6,228.95,225.1,1510.0,-1.18
2025-05-06,230.0,229.1,233.5,229.1,16110.0,1.68
2025-05-07,229.2,232.0,232.9,229.15,12960.0,-0.35
2025-05-08,226.35,230.0,230.0,226.1,26000.0,-1.24
2025-05-09,232.35,228.5,232.55,226.2,90020.0,2.65
2025-05-12,233.1,226.1,237.0,226.1,38240.0,0.32
2025-05-13,234.0,233.15,236.0,233.1,146140.0,0.39
2025-05-14,235.0,235.95,235.95,233.5,12260.0,0.43
2025-05-15,233.5,233.5,234.4,231.1,33570.0,-0.64
2025-05-16,227.0,230.0,235.5,227.0,15240.0,-2.78
2025-05-19,227.0,227.55,229.0,225.2,12800.0,0.0
2025-05-20,230.0,226.0,230.0,226.0,13680.0,1.32
2025-05-21,231.0,231.0,231.0,229.0,880.0,0.43
2025-05-22,231.35,232.9,232.9,229.0,28610.0,0.15
2025-05-23,230.0,229.05,234.0,229.05,38680.0,-0.58
2025-05-26,234.5,229.1,235.0,229.1,21800.0,1.96
2025-05-27,235.5,234.5,235.7,232.0,3250.0,0.43
2025-05-28,244.0,235.0,245.35,233.7,148370.0,3.61
2025-05-29,242.0,244.0,245.0,240.0,4000.0,-0.82
2025-05-30,238.0,240.0,243.9,238.0,43170.0,-1.65
2025-06-02,238.05,237.05,239.5,237.05,1710.0,0.02
2025-06-03,240.0,237.5,240.0,236.0,7850.0,0.82
2025-06-04,240.1,239.9,242.0,238.0,13920.0,0.04
2025-06-05,239.9,240.05,244.8,239.9,27600.0,-0.08
2025-06-06,238.0,243.3,243.3,238.0,7720.0,-0.79
2025-06-10,240.0,242.0,242.0,236.25,12990.0,0.84
2025-06-11,238.2,240.0,240.0,237.4,2510.0,-0.75
2025-06-12,238.15,236.65,240.0,236.65,5610.0,-0.02
2025-06-13,241.9,233.05,241.9,225.0,56040.0,1.57
2025-06-16,232.5,233.0,238.9,232.0,1020.0,-3.89
2025-06-17,229.0,232.55,233.0,211.0,23120.0,-1.51
2025-06-18,227.85,229.0,229.0,220.0,27450.0,-0.5
2025-06-19,220.0,221.5,225.0,218.1,27040.0,-3.45
2025-06-20,226.0,221.0,226.7,221.0,17910.0,2.73
2025-06-23,225.0,220.0,225.0,220.0,1680.0,-0.44
2025-06-24,230.0,227.8,231.05,227.8,28360.0,2.22
2025-06-25,225.6,231.0,231.85,225.6,6340.0,-1.91
2025-06-26,228.0,230.0,230.0,226.0,28470.0,1.06
2025-06-30,230.0,229.0,230.0,226.35,49800.0,0.88
2025-07-01,226.0,225.6,229.9,220.2,2670.0,-1.74
2025-07-02,230.0,226.2,230.0,225.0,55220.0,1.77
2025-07-03,226.1,225.1,228.0,225.05,8850.0,-1.7
2025-07-04,230.0,226.0,230.9,226.0,12870.0,1.72
2025-07-07,233.0,226.4,233.0,226.4,54380.0,1.3
2025-07-08,229.5,228.1,230.0,228.1,870.0,-1.5
2025-07-09,228.5,228.15,230.0,228.0,1720.0,-0.44
2025-07-10,227.5,227.0,229.0,226.7,10050.0,-0.44
2025-07-11,233.0,226.6,233.0,226.5,16990.0,2.42
2025-07-14,227.2,228.0,229.5,227.0,3590.0,-2.49
2025-07-15,232.5,226.8,232.5,226.8,28650.0,2.33
2025-07-16,233.0,228.0,233.0,228.0,38580.0,0.22
2025-07-17,244.0,228.1,244.0,228.1,79330.0,4.72
2025-07-18,249.95,235.0,249.95,235.0,67120.0,2.44
2025-07-21,246.0,248.95,250.0,243.0,6730.0,-1.58
2025-07-22,246.0,249.0,249.0,245.0,2110.0,0.0
2025-07-23,248.0,243.35,248.0,240.0,91060.0,0.81
2025-07-24,248.0,249.0,249.0,241.05,9100.0,0.0
2025-07-25,255.0,250.05,255.0,250.05,229240.0,2.82
2025-07-28,248.0,250.0,253.0,248.0,65820.0,-2.75
2025-07-29,246.2,248.0,254.0,246.0,13560.0,-0.73
2025-07-31,248.0,246.0,250.0,245.0,9070.0,0.73
2025-08-01,250.0,248.0,250.0,245.0,30050.0,0.81
2025-08-04,248.0,249.0,250.0,243.0,2250.0,-0.8
2025-08-05,250.0,249.95,253.0,248.0,320790.0,0.81
2025-08-06,246.0,250.0,250.0,246.0,13250.0,-1.6
2025-08-07,246.5,246.0,249.0,245.05,8280.0,0.2
2025-08-08,241.0,245.35,248.0,241.0,20140.0,-2.23
2025-08-11,242.4,244.95,246.9,241.15,1790.0,0.58
2025-08-12,244.5,242.4,246.9,242.0,164120.0,0.87
2025-08-13,247.9,244.1,248.0,242.1,12280.0,1.39
2025-08-15,245.4,248.0,248.0,244.0,16410.0,-1.01
2025-08-18,242.5,244.0,245.0,242.5,7870.0,-1.18
2025-08-19,242.0,242.0,242.0,241.2,4000.0,-0.21
2025-08-22,246.5,242.0,246.5,242.0,18200.0,1.86
2025-08-25,244.1,246.5,246.5,242.1,2880.0,-0.97
2025-08-26,250.0,245.0,250.0,245.0,21870.0,2.42
2025-08-27,248.5,247.0,249.0,247.0,4800.0,-0.6
2025-08-28,250.15,257.05,259.0,250.0,83810.0,0.66
2025-08-29,254.0,254.7,254.7,250.0,31400.0,1.54
2025-09-01,250.1,255.0,255.0,250.0,63540.0,-1.54
2025-09-02,250.0,253.8,253.8,245.0,13620.0,-0.04
2025-09-03,248.0,248.1,251.0,246.1,8490.0,-0.8
2025-09-04,250.0,248.1,252.0,247.0,15370.0,0.81
2025-09-08,249.0,248.05,250.0,246.55,47430.0,-0.4
2025-09-09,246.0,247.0,249.0,243.0,34100.0,-1.2
2025-09-10,244.0,246.0,248.0,244.0,13110.0,-0.81
2025-09-11,250.1,250.0,252.0,246.0,86320.0,2.5
2025-09-12,261.0,252.95,262.0,252.3,276630.0,4.36
2025-09-15,260.05,264.0,266.0,260.05,33200.0,-0.36
2025-09-16,260.0,261.0,263.95,260.0,26040.0,-0.02
2025-09-17,257.0,257.1,262.9,257.0,10520.0,-1.15
2025-09-18,255.0,258.0,259.0,255.0,9770.0,-0.78
2025-09-19,260.0,255.0,260.0,253.0,9150.0,1.96
2025-09-22,261.9,260.0,262.0,255.0,14740.0,0.73
2025-09-23,260.1,261.75,262.0,259.0,45800.0,-0.69
2025-09-24,258.0,259.1,260.0,255.0,12540.0,-0.81
2025-09-25,255.0,259.5,259.5,255.0,50520.0,-1.16
2025-09-26,255.0,255.0,256.0,246.0,57270.0,0.0
2025-09-29,245.05,255.0,255.0,245.05,20820.0,-3.9
2025-09-30,241.1,245.0,247.0,240.0,46110.0,-1.61
2025-10-01,233.0,241.0,243.4,230.0,17090.0,-3.36
2025-10-02,235.0,230.0,239.95,223.0,33340.0,0.86
2025-10-03,245.0,238.0,246.15,238.0,58440.0,4.26
2025-10-06,244.5,250.0,250.0,244.0,3000.0,-0.2
2025-10-07,244.05,248.0,248.0,244.0,13440.0,-0.18
2025-10-08,241.0,247.85,247.85,240.0,54090.0,-1.25
2025-10-09,240.0,240.0,245.9,240.0,25360.0,-0.41
2025-10-10,240.0,237.0,244.0,237.0,34530.0,0.0
2025-10-13,241.0,238.1,243.95,238.1,3900.0,0.42
2025-10-14,235.0,244.0,244.0,235.0,26700.0,-2.49
2025-10-15,237.9,235.5,241.9,230.0,4860.0,1.23
2025-10-16,231.7,230.0,239.0,230.0,48210.0,-2.61
2025-10-17,234.0,232.1,239.0,232.1,14840.0,0.99
2025-10-20,238.9,239.0,240.0,233.5,1130.0,2.09
2025-10-21,249.0,239.95,249.0,239.95,21680.0,4.23
2025-10-22,260.0,250.0,260.0,240.1,36110.0,4.42
2025-10-23,255.0,258.0,258.0,247.3,5950.0,-1.92
2025-10-24,259.9,257.0,259.9,250.0,17700.0,1.92
2025-10-27,252.1,251.3,253.0,251.3,2840.0,-3.0
2025-10-28,249.5,252.0,252.0,248.1,30610.0,-1.03
2025-10-29,249.1,251.9,253.0,248.1,480.0,-0.16
2025-10-30,255.0,253.0,256.8,249.1,18880.0,2.37
2025-10-31,255.0,256.8,256.9,249.2,10940.0,0.0
2025-11-03,260.0,260.0,262.0,256.0,32070.0,1.96
2025-11-04,258.0,252.1,259.0,252.1,500.0,-0.77
2025-11-05,252.6,258.0,258.0,252.6,690.0,-2.09
2025-11-07,254.9,252.35,255.0,252.35,1460.0,0.91
2025-11-10,252.5,255.0,255.0,252.45,1190.0,-0.94
2025-11-11,244.9,252.45,253.0,244.9,20090.0,-3.01
2025-11-12,245.0,246.0,246.05,243.0,2680.0,0.04
2025-11-13,248.0,243.3,249.7,243.3,2900.0,1.22
2025-11-14,253.5,243.05,253.5,243.05,9410.0,2.22
2025-11-17,243.65,253.5,253.5,243.05,6160.0,-3.89
2025-11-19,240.35,243.65,243.65,240.2,2490.0,-1.35
2025-11-20,240.0,240.0,241.5,240.0,25430.0,-0.15
2025-11-21,245.0,238.2,245.0,238.0,11620.0,2.08
2025-11-24,240.0,240.0,240.0,231.25,2310.0,-2.04
2025-11-25,242.1,239.0,242.1,235.15,9740.0,0.88
2025-11-26,245.0,245.0,245.5,238.0,3330.0,1.2
2025-11-27,246.0,239.2,246.0,239.2,40690.0,0.41
2025-11-28,244.0,240.5,245.0,239.35,3040.0,-0.81
2025-12-01,239.0,239.2,244.95,239.0,3260.0,-2.05
2025-12-02,243.0,238.2,243.0,235.15,1910.0,1.67
2025-12-03,243.0,243.0,243.0,235.2,1960.0,0.0
2025-12-04,243.0,238.2,243.0,238.2,2180.0,0.0
2025-12-05,250.0,237.0,250.0,236.2,10250.0,2.88
2025-12-08,250.0,250.0,250.0,240.2,17160.0,0.0
2025-12-09,246.0,250.0,250.0,240.55,6030.0,-1.6
2025-12-10,250.0,247.5,250.0,240.5,7960.0,1.63
2025-12-11,250.0,241.0,250.0,241.0,1590.0,0.0
2025-12-12,250.1,250.0,251.8,242.55,4690.0,0.04
2025-12-15,250.0,248.0,251.8,244.0,4760.0,-0.04
2025-12-16,250.0,245.45,250.0,245.0,3620.0,0.0
2025-12-17,250.05,250.9,253.0,250.0,35010.0,0.02
2025-12-18,246.0,250.0,251.0,246.0,23760.0,-1.62
2025-12-19,249.0,246.0,251.0,246.0,70000.0,1.22
2025-12-22,250.0,250.0,250.0,246.5,5520.0,0.4
2025-12-23,249.0,245.0,249.8,242.5,159710.0,-0.4
2025-12-24,248.0,248.8,249.0,243.6,37680.0,-0.4
2025-12-25,255.0,241.6,255.0,241.6,29450.0,2.82
2025-12-26,240.0,245.7,249.0,240.0,57520.0,-5.88
2025-12-29,230.0,241.0,247.0,230.0,16570.0,-4.17
2025-12-30,236.0,244.9,244.9,235.0,18880.0,2.61
2025-12-31,245.0,238.0,245.0,236.0,26130.0,3.81
2026-01-02,258.0,244.9,258.0,238.5,23630.0,5.31
2026-01-05,258.0,249.0,258.0,247.0,13650.0,0.0
2026-01-06,255.0,257.0,257.9,251.05,7780.0,-1.16
2026-01-07,248.0,251.05,254.5,248.0,5650.0,-2.75
2026-01-08,252.0,250.0,252.0,245.0,3830.0,1.61
2026-01-09,250.0,250.0,252.0,245.1,49270.0,-0.79
2026-01-12,248.0,250.0,252.5,245.5,15640.0,-0.8
2026-01-13,244.0,245.15,249.95,244.0,33320.0,-1.61
2026-01-15,242.0,243.1,245.0,242.0,2790.0,-0.82
2026-01-16,242.0,245.0,245.0,240.1,12510.0,0.0
2026-01-19,239.0,240.05,245.0,238.7,7370.0,-1.24
2026-01-20,237.0,238.75,241.9,237.0,4280.0,-0.84
2026-01-21,235.0,239.0,240.0,235.0,4590.0,-0.84
2026-01-22,240.0,234.6,244.0,234.2,1260.0,2.13
2026-01-23,235.0,240.0,240.0,234.6,49180.0,-2.08
2026-01-26,232.0,237.0,237.0,231.0,12130.0,-1.28
2026-01-27,232.0,231.1,234.9,231.0,6830.0,0.0
2026-01-28,235.0,232.05,236.0,231.05,48750.0,1.29
2026-01-29,231.0,235.0,239.0,231.0,20600.0,-1.7
2026-01-30,230.1,231.5,237.0,230.1,10610.0,-0.39
2026-02-02,230.0,230.5,234.95,230.0,44980.0,-0.04
2026-02-03,231.0,230.0,233.0,230.0,33520.0,0.43
2026-02-04,234.4,230.5,234.4,230.5,490.0,1.47
2026-02-05,227.9,231.0,234.0,227.9,4210.0,-2.77
2026-02-06,230.0,228.0,232.9,227.1,35910.0,0.92
2026-02-09,234.75,233.0,235.5,230.0,710.0,2.07
2026-02-10,230.0,234.45,234.45,230.0,17990.0,-2.02
2026-02-11,231.5,230.0,231.5,229.0,25670.0,0.65
2026-02-12,231.0,231.5,231.5,227.1,8020.0,-0.22
2026-02-13,233.0,230.1,235.0,230.0,69890.0,0.87
2026-02-16,237.9,233.0,237.9,230.0,2390.0,2.1
2026-02-17,236.85,237.9,238.0,234.5,18610.0,-0.44
2026-02-18,235.05,235.0,237.0,235.0,7420.0,-0.76
2026-02-19,238.8,239.95,242.0,238.0,18410.0,1.6
2026-02-20,237.0,243.5,243.5,237.0,8410.0,-0.75
2026-02-23,236.0,240.0,240.0,236.0,30280.0,-0.42
2026-02-24,235.0,236.0,237.9,233.5,15950.0,-0.42
2026-02-25,236.0,235.0,238.0,233.0,310.0,0.43
2026-02-26,230.0,231.25,236.8,230.0,6290.0,-2.54
2026-02-27,223.0,230.0,233.0,223.0,5380.0,-3.04
2026-03-02,212.0,208.0,222.0,208.0,11190.0,-4.93
2026-03-03,210.0,210.1,214.0,203.0,35160.0,-0.94
2026-03-04,210.0,210.0,216.0,205.1,41960.0,0.0
2026-03-05,210.0,210.5,218.9,208.0,92880.0,0.0
2026-03-06,208.0,217.9,217.9,208.0,52850.0,-0.95
2026-03-09,202.0,200.5,211.0,195.95,53140.0,-2.88
2026-03-10,200.6,210.0,214.3,200.6,73900.0,-0.69
2026-03-11,205.0,207.9,209.8,200.6,34880.0,2.19
2026-03-12,212.2,205.5,212.2,204.6,469150.0,3.51
2026-03-13,205.0,212.0,213.0,202.5,90640.0,-3.39
2026-03-16,202.0,204.0,210.0,202.0,3970.0,-1.46
2026-03-17,207.5,202.5,208.4,202.5,8940.0,2.72
2026-03-18,214.9,207.0,214.9,204.5,18800.0,3.57
2026-03-19,208.0,212.0,212.0,208.0,29020.0,-3.21
2026-03-24,210.0,212.0,214.0,207.0,18550.0,0.96
2026-03-25,210.0,207.05,214.0,207.05,5830.0,0.0
2026-03-26,205.0,210.0,213.0,205.0,10640.0,-2.38
2026-03-27,203.0,209.9,209.9,203.0,41050.0,-0.98
2026-03-30,200.0,203.4,209.4,200.0,19390.0,-1.48
2026-03-31,200.0,208.0,208.0,200.0,29180.0,0.0
2026-04-01,204.0,207.95,211.0,204.0,260339.99999999997,2.0
2026-04-02,204.0,202.9,207.0,202.8,22430.0,0.0
2026-04-03,209.0,203.0,209.0,202.6,78390.0,2.45
2026-04-06,205.5,209.0,209.0,205.5,400470.0,-1.67
2026-04-07,201.0,204.1,210.0,201.0,52980.0,-2.19
2026-04-08,210.0,211.0,212.0,206.0,16890.0,4.48
2026-04-09,208.0,210.0,211.95,208.0,21620.0,-0.95
2026-04-10,208.0,211.95,211.95,207.0,77390.0,0.0
2026-04-13,208.0,208.0,208.0,205.0,2210.0,0.0
2026-04-14,212.0,211.95,212.4,208.0,4590.0,1.92
2026-04-15,212.0,212.4,217.0,210.5,23190.0,0.0
2026-04-16,212.5,215.9,217.0,212.5,41630.0,0.24
2026-04-17,219.0,214.9,222.0,212.0,51510.0,3.06
